2025-12-18T18:48:11.197743Z TRACE ThreadId(01) version: 1.18.0
2025-12-18T18:48:11.197851Z TRACE ThreadId(01) platform: windows
2025-12-18T18:48:11.197869Z TRACE ThreadId(01) args: [
    "hemtt",
    "launch",
    "default",
]
2025-12-18T18:48:11.199938Z DEBUG ThreadId(01) using global config directory: "C:\\Users\\corra\\AppData\\Roaming\\hemtt"
2025-12-18T18:48:11.200592Z TRACE ThreadId(01) launch config: LaunchOptions { workshop: ["1124993203", "1260802825", "1572627279", "1779063631", "1923321700", "1960024802", "2020940806", "2291129343", "2511318948", "2695649037", "2776005424", "2794721649", "2888477598", "2915485125", "2931279278", "2933180786", "2958273599", "2975882889", "2987115897", "3038821437", "3038826897", "3122396633", "3165450999", "3255508422", "3283642267", "3283645995", "3283652320", "3300894429", "3325103983", "3328314886", "3390219536", "3391132245", "3423561449", "3469976535", "3489262669", "3499977893", "366423278", "366425329", "450814997", "463939057", "570118882", "623475643", "767380317", "769440155", "784218341", "861133494", "949698441"], dlc: [], presets: ["ebh_main"], optionals: [], mission: Some("EHB_Test.VR"), dev_mission: None, parameters: ["-noSplash", "-showScriptErrors", "-skipIntro", "-world=empty"], executable: None, binarize: None, file_patching: None, instances: None, rapify: None }
2025-12-18T18:48:11.210476Z DEBUG ThreadId(01) Arma 3 found at: C:\Program Files (x86)\Steam\steamapps\common\Arma 3
2025-12-18T18:48:11.210510Z TRACE ThreadId(01) Loading preset: ebh_main
2025-12-18T18:48:11.211132Z TRACE ThreadId(01) Found new mod 893328083 in preset ebh_main
2025-12-18T18:48:11.211147Z TRACE ThreadId(01) Found new mod 893349825 in preset ebh_main
2025-12-18T18:48:11.211152Z TRACE ThreadId(01) Found new mod 893339590 in preset ebh_main
2025-12-18T18:48:11.211156Z TRACE ThreadId(01) Found new mod 463939057 in preset ebh_main
2025-12-18T18:48:11.211160Z TRACE ThreadId(01) Found new mod 766491311 in preset ebh_main
2025-12-18T18:48:11.211165Z TRACE ThreadId(01) Found new mod 1911374016 in preset ebh_main
2025-12-18T18:48:11.211169Z TRACE ThreadId(01) Found new mod 2836999643 in preset ebh_main
2025-12-18T18:48:11.211173Z TRACE ThreadId(01) Found new mod 2198339170 in preset ebh_main
2025-12-18T18:48:11.211177Z TRACE ThreadId(01) Found new mod 2372036642 in preset ebh_main
2025-12-18T18:48:11.211182Z TRACE ThreadId(01) Found new mod 2791403093 in preset ebh_main
2025-12-18T18:48:11.211186Z TRACE ThreadId(01) Found new mod 667953829 in preset ebh_main
2025-12-18T18:48:11.211190Z TRACE ThreadId(01) Found new mod 450814997 in preset ebh_main
2025-12-18T18:48:11.211194Z TRACE ThreadId(01) Found new mod 837729515 in preset ebh_main
2025-12-18T18:48:11.211198Z TRACE ThreadId(01) Found new mod 2447965207 in preset ebh_main
2025-12-18T18:48:11.211202Z TRACE ThreadId(01) Found new mod 2511318948 in preset ebh_main
2025-12-18T18:48:11.211206Z TRACE ThreadId(01) Found new mod 583496184 in preset ebh_main
2025-12-18T18:48:11.211211Z TRACE ThreadId(01) Found new mod 583544987 in preset ebh_main
2025-12-18T18:48:11.211216Z TRACE ThreadId(01) Found new mod 1638341685 in preset ebh_main
2025-12-18T18:48:11.211221Z TRACE ThreadId(01) Found new mod 333310405 in preset ebh_main
2025-12-18T18:48:11.211225Z TRACE ThreadId(01) Found new mod 2034363662 in preset ebh_main
2025-12-18T18:48:11.211230Z TRACE ThreadId(01) Found new mod 2699465073 in preset ebh_main
2025-12-18T18:48:11.211235Z TRACE ThreadId(01) Found new mod 3114421562 in preset ebh_main
2025-12-18T18:48:11.211239Z TRACE ThreadId(01) Found new mod 1224892496 in preset ebh_main
2025-12-18T18:48:11.211243Z TRACE ThreadId(01) Found new mod 3149544080 in preset ebh_main
2025-12-18T18:48:11.211247Z TRACE ThreadId(01) Found new mod 3333302397 in preset ebh_main
2025-12-18T18:48:11.211251Z TRACE ThreadId(01) Found new mod 3337555434 in preset ebh_main
2025-12-18T18:48:11.211255Z TRACE ThreadId(01) Found new mod 3421394954 in preset ebh_main
2025-12-18T18:48:11.211260Z TRACE ThreadId(01) Found new mod 2586652540 in preset ebh_main
2025-12-18T18:48:11.211264Z TRACE ThreadId(01) Found new mod 1858075458 in preset ebh_main
2025-12-18T18:48:11.211311Z TRACE ThreadId(01) Found new mod 1808238502 in preset ebh_main
2025-12-18T18:48:11.211318Z TRACE ThreadId(01) Found new mod 570118882 in preset ebh_main
2025-12-18T18:48:11.211322Z TRACE ThreadId(01) Found new mod 632435682 in preset ebh_main
2025-12-18T18:48:11.211326Z TRACE ThreadId(01) Found new mod 782415569 in preset ebh_main
2025-12-18T18:48:11.211331Z TRACE ThreadId(01) Found new mod 1661066023 in preset ebh_main
2025-12-18T18:48:11.211335Z TRACE ThreadId(01) Found new mod 3426116212 in preset ebh_main
2025-12-18T18:48:11.211339Z TRACE ThreadId(01) Found new mod 2461607508 in preset ebh_main
2025-12-18T18:48:11.211343Z TRACE ThreadId(01) Found new mod 1808723766 in preset ebh_main
2025-12-18T18:48:11.211347Z TRACE ThreadId(01) Found new mod 3466650326 in preset ebh_main
2025-12-18T18:48:11.211351Z TRACE ThreadId(01) Found new mod 2572487482 in preset ebh_main
2025-12-18T18:48:11.211356Z TRACE ThreadId(01) Found new mod 3032643455 in preset ebh_main
2025-12-18T18:48:11.211360Z TRACE ThreadId(01) Found new mod 750186990 in preset ebh_main
2025-12-18T18:48:11.211364Z TRACE ThreadId(01) Found new mod 2387297579 in preset ebh_main
2025-12-18T18:48:11.211368Z TRACE ThreadId(01) Found new mod 1779063631 in preset ebh_main
2025-12-18T18:48:11.211983Z TRACE ThreadId(01) using temporary folder: "C:\\Users\\corra\\AppData\\Local\\Temp\\hemtt\\EBH Dev Works_EBH-Aux-Mod"
2025-12-18T18:48:11.211995Z TRACE ThreadId(01) using project folder: "F:\\EBH Dev Works\\EBH-Aux-Mod"
2025-12-18T18:48:11.212032Z TRACE ThreadId(01) using out folder: "F:\\EBH Dev Works\\EBH-Aux-Mod\\.hemttout"
2025-12-18T18:48:11.212250Z TRACE ThreadId(01) using build folder: "F:\\EBH Dev Works\\EBH-Aux-Mod\\.hemttout\\dev"
2025-12-18T18:48:11.223360Z TRACE ThreadId(01) Prefix: VfsPath { path: "/addons/chat_wheel_redux/$PBOPREFIX$", fs: VFS { fs: OverlayFS { layers: [VfsPath { path: "", fs: VFS { fs: In Memory File System } }, VfsPath { path: "", fs: VFS { fs: AltrootFS { root: VfsPath { path: "", fs: VFS { fs: PhysicalFS { root: "F:\\EBH Dev Works\\EBH-Aux-Mod\\include" } } } } } }, VfsPath { path: "", fs: VFS { fs: AltrootFS { root: VfsPath { path: "", fs: VFS { fs: PhysicalFS { root: "C:\\Users\\corra\\AppData\\Local\\Temp\\hemtt\\EBH Dev Works_EBH-Aux-Mod\\hemtt_binarize_output" } } } } } }, VfsPath { path: "", fs: VFS { fs: AltrootFS { root: VfsPath { path: "", fs: VFS { fs: PhysicalFS { root: "F:\\EBH Dev Works\\EBH-Aux-Mod" } } } } } }] } } }
2025-12-18T18:48:11.223940Z TRACE ThreadId(01) config.cpp: VfsPath { path: "/addons/chat_wheel_redux/config.cpp", fs: VFS { fs: OverlayFS { layers: [VfsPath { path: "", fs: VFS { fs: In Memory File System } }, VfsPath { path: "", fs: VFS { fs: AltrootFS { root: VfsPath { path: "", fs: VFS { fs: PhysicalFS { root: "F:\\EBH Dev Works\\EBH-Aux-Mod\\include" } } } } } }, VfsPath { path: "", fs: VFS { fs: AltrootFS { root: VfsPath { path: "", fs: VFS { fs: PhysicalFS { root: "C:\\Users\\corra\\AppData\\Local\\Temp\\hemtt\\EBH Dev Works_EBH-Aux-Mod\\hemtt_binarize_output" } } } } } }, VfsPath { path: "", fs: VFS { fs: AltrootFS { root: VfsPath { path: "", fs: VFS { fs: PhysicalFS { root: "F:\\EBH Dev Works\\EBH-Aux-Mod" } } } } } }] } } }
2025-12-18T18:48:11.232896Z TRACE ThreadId(01) config.cpp: VfsPath { path: "/addons/gears/config.cpp", fs: VFS { fs: OverlayFS { layers: [VfsPath { path: "", fs: VFS { fs: In Memory File System } }, VfsPath { path: "", fs: VFS { fs: AltrootFS { root: VfsPath { path: "", fs: VFS { fs: PhysicalFS { root: "F:\\EBH Dev Works\\EBH-Aux-Mod\\include" } } } } } }, VfsPath { path: "", fs: VFS { fs: AltrootFS { root: VfsPath { path: "", fs: VFS { fs: PhysicalFS { root: "C:\\Users\\corra\\AppData\\Local\\Temp\\hemtt\\EBH Dev Works_EBH-Aux-Mod\\hemtt_binarize_output" } } } } } }, VfsPath { path: "", fs: VFS { fs: AltrootFS { root: VfsPath { path: "", fs: VFS { fs: PhysicalFS { root: "F:\\EBH Dev Works\\EBH-Aux-Mod" } } } } } }] } } }
2025-12-18T18:48:11.233209Z TRACE ThreadId(01) Prefix: VfsPath { path: "/addons/gears/$PBOPREFIX$", fs: VFS { fs: OverlayFS { layers: [VfsPath { path: "", fs: VFS { fs: In Memory File System } }, VfsPath { path: "", fs: VFS { fs: AltrootFS { root: VfsPath { path: "", fs: VFS { fs: PhysicalFS { root: "F:\\EBH Dev Works\\EBH-Aux-Mod\\include" } } } } } }, VfsPath { path: "", fs: VFS { fs: AltrootFS { root: VfsPath { path: "", fs: VFS { fs: PhysicalFS { root: "C:\\Users\\corra\\AppData\\Local\\Temp\\hemtt\\EBH Dev Works_EBH-Aux-Mod\\hemtt_binarize_output" } } } } } }, VfsPath { path: "", fs: VFS { fs: AltrootFS { root: VfsPath { path: "", fs: VFS { fs: PhysicalFS { root: "F:\\EBH Dev Works\\EBH-Aux-Mod" } } } } } }] } } }
2025-12-18T18:48:11.234411Z TRACE ThreadId(01) config.cpp: VfsPath { path: "/addons/objects/config.cpp", fs: VFS { fs: OverlayFS { layers: [VfsPath { path: "", fs: VFS { fs: In Memory File System } }, VfsPath { path: "", fs: VFS { fs: AltrootFS { root: VfsPath { path: "", fs: VFS { fs: PhysicalFS { root: "F:\\EBH Dev Works\\EBH-Aux-Mod\\include" } } } } } }, VfsPath { path: "", fs: VFS { fs: AltrootFS { root: VfsPath { path: "", fs: VFS { fs: PhysicalFS { root: "C:\\Users\\corra\\AppData\\Local\\Temp\\hemtt\\EBH Dev Works_EBH-Aux-Mod\\hemtt_binarize_output" } } } } } }, VfsPath { path: "", fs: VFS { fs: AltrootFS { root: VfsPath { path: "", fs: VFS { fs: PhysicalFS { root: "F:\\EBH Dev Works\\EBH-Aux-Mod" } } } } } }] } } }
2025-12-18T18:48:11.234775Z TRACE ThreadId(01) Prefix: VfsPath { path: "/addons/objects/$PBOPREFIX$", fs: VFS { fs: OverlayFS { layers: [VfsPath { path: "", fs: VFS { fs: In Memory File System } }, VfsPath { path: "", fs: VFS { fs: AltrootFS { root: VfsPath { path: "", fs: VFS { fs: PhysicalFS { root: "F:\\EBH Dev Works\\EBH-Aux-Mod\\include" } } } } } }, VfsPath { path: "", fs: VFS { fs: AltrootFS { root: VfsPath { path: "", fs: VFS { fs: PhysicalFS { root: "C:\\Users\\corra\\AppData\\Local\\Temp\\hemtt\\EBH Dev Works_EBH-Aux-Mod\\hemtt_binarize_output" } } } } } }, VfsPath { path: "", fs: VFS { fs: AltrootFS { root: VfsPath { path: "", fs: VFS { fs: PhysicalFS { root: "F:\\EBH Dev Works\\EBH-Aux-Mod" } } } } } }] } } }
2025-12-18T18:48:11.235711Z TRACE ThreadId(01) config.cpp: VfsPath { path: "/addons/objects/resupply/config.cpp", fs: VFS { fs: OverlayFS { layers: [VfsPath { path: "", fs: VFS { fs: In Memory File System } }, VfsPath { path: "", fs: VFS { fs: AltrootFS { root: VfsPath { path: "", fs: VFS { fs: PhysicalFS { root: "F:\\EBH Dev Works\\EBH-Aux-Mod\\include" } } } } } }, VfsPath { path: "", fs: VFS { fs: AltrootFS { root: VfsPath { path: "", fs: VFS { fs: PhysicalFS { root: "C:\\Users\\corra\\AppData\\Local\\Temp\\hemtt\\EBH Dev Works_EBH-Aux-Mod\\hemtt_binarize_output" } } } } } }, VfsPath { path: "", fs: VFS { fs: AltrootFS { root: VfsPath { path: "", fs: VFS { fs: PhysicalFS { root: "F:\\EBH Dev Works\\EBH-Aux-Mod" } } } } } }] } } }
2025-12-18T18:48:11.239082Z TRACE ThreadId(01) config.cpp: VfsPath { path: "/addons/common/config.cpp", fs: VFS { fs: OverlayFS { layers: [VfsPath { path: "", fs: VFS { fs: In Memory File System } }, VfsPath { path: "", fs: VFS { fs: AltrootFS { root: VfsPath { path: "", fs: VFS { fs: PhysicalFS { root: "F:\\EBH Dev Works\\EBH-Aux-Mod\\include" } } } } } }, VfsPath { path: "", fs: VFS { fs: AltrootFS { root: VfsPath { path: "", fs: VFS { fs: PhysicalFS { root: "C:\\Users\\corra\\AppData\\Local\\Temp\\hemtt\\EBH Dev Works_EBH-Aux-Mod\\hemtt_binarize_output" } } } } } }, VfsPath { path: "", fs: VFS { fs: AltrootFS { root: VfsPath { path: "", fs: VFS { fs: PhysicalFS { root: "F:\\EBH Dev Works\\EBH-Aux-Mod" } } } } } }] } } }
2025-12-18T18:48:11.239473Z TRACE ThreadId(01) Prefix: VfsPath { path: "/addons/common/$PBOPREFIX$", fs: VFS { fs: OverlayFS { layers: [VfsPath { path: "", fs: VFS { fs: In Memory File System } }, VfsPath { path: "", fs: VFS { fs: AltrootFS { root: VfsPath { path: "", fs: VFS { fs: PhysicalFS { root: "F:\\EBH Dev Works\\EBH-Aux-Mod\\include" } } } } } }, VfsPath { path: "", fs: VFS { fs: AltrootFS { root: VfsPath { path: "", fs: VFS { fs: PhysicalFS { root: "C:\\Users\\corra\\AppData\\Local\\Temp\\hemtt\\EBH Dev Works_EBH-Aux-Mod\\hemtt_binarize_output" } } } } } }, VfsPath { path: "", fs: VFS { fs: AltrootFS { root: VfsPath { path: "", fs: VFS { fs: PhysicalFS { root: "F:\\EBH Dev Works\\EBH-Aux-Mod" } } } } } }] } } }
2025-12-18T18:48:11.240404Z TRACE ThreadId(01) Prefix: VfsPath { path: "/addons/main/$PBOPREFIX$", fs: VFS { fs: OverlayFS { layers: [VfsPath { path: "", fs: VFS { fs: In Memory File System } }, VfsPath { path: "", fs: VFS { fs: AltrootFS { root: VfsPath { path: "", fs: VFS { fs: PhysicalFS { root: "F:\\EBH Dev Works\\EBH-Aux-Mod\\include" } } } } } }, VfsPath { path: "", fs: VFS { fs: AltrootFS { root: VfsPath { path: "", fs: VFS { fs: PhysicalFS { root: "C:\\Users\\corra\\AppData\\Local\\Temp\\hemtt\\EBH Dev Works_EBH-Aux-Mod\\hemtt_binarize_output" } } } } } }, VfsPath { path: "", fs: VFS { fs: AltrootFS { root: VfsPath { path: "", fs: VFS { fs: PhysicalFS { root: "F:\\EBH Dev Works\\EBH-Aux-Mod" } } } } } }] } } }
2025-12-18T18:48:11.241712Z TRACE ThreadId(01) config.cpp: VfsPath { path: "/addons/main/config.cpp", fs: VFS { fs: OverlayFS { layers: [VfsPath { path: "", fs: VFS { fs: In Memory File System } }, VfsPath { path: "", fs: VFS { fs: AltrootFS { root: VfsPath { path: "", fs: VFS { fs: PhysicalFS { root: "F:\\EBH Dev Works\\EBH-Aux-Mod\\include" } } } } } }, VfsPath { path: "", fs: VFS { fs: AltrootFS { root: VfsPath { path: "", fs: VFS { fs: PhysicalFS { root: "C:\\Users\\corra\\AppData\\Local\\Temp\\hemtt\\EBH Dev Works_EBH-Aux-Mod\\hemtt_binarize_output" } } } } } }, VfsPath { path: "", fs: VFS { fs: AltrootFS { root: VfsPath { path: "", fs: VFS { fs: PhysicalFS { root: "F:\\EBH Dev Works\\EBH-Aux-Mod" } } } } } }] } } }
2025-12-18T18:48:11.246779Z TRACE ThreadId(01) Prefix: VfsPath { path: "/addons/armor/$PBOPREFIX$", fs: VFS { fs: OverlayFS { layers: [VfsPath { path: "", fs: VFS { fs: In Memory File System } }, VfsPath { path: "", fs: VFS { fs: AltrootFS { root: VfsPath { path: "", fs: VFS { fs: PhysicalFS { root: "F:\\EBH Dev Works\\EBH-Aux-Mod\\include" } } } } } }, VfsPath { path: "", fs: VFS { fs: AltrootFS { root: VfsPath { path: "", fs: VFS { fs: PhysicalFS { root: "C:\\Users\\corra\\AppData\\Local\\Temp\\hemtt\\EBH Dev Works_EBH-Aux-Mod\\hemtt_binarize_output" } } } } } }, VfsPath { path: "", fs: VFS { fs: AltrootFS { root: VfsPath { path: "", fs: VFS { fs: PhysicalFS { root: "F:\\EBH Dev Works\\EBH-Aux-Mod" } } } } } }] } } }
2025-12-18T18:48:11.247220Z TRACE ThreadId(01) config.cpp: VfsPath { path: "/addons/armor/config.cpp", fs: VFS { fs: OverlayFS { layers: [VfsPath { path: "", fs: VFS { fs: In Memory File System } }, VfsPath { path: "", fs: VFS { fs: AltrootFS { root: VfsPath { path: "", fs: VFS { fs: PhysicalFS { root: "F:\\EBH Dev Works\\EBH-Aux-Mod\\include" } } } } } }, VfsPath { path: "", fs: VFS { fs: AltrootFS { root: VfsPath { path: "", fs: VFS { fs: PhysicalFS { root: "C:\\Users\\corra\\AppData\\Local\\Temp\\hemtt\\EBH Dev Works_EBH-Aux-Mod\\hemtt_binarize_output" } } } } } }, VfsPath { path: "", fs: VFS { fs: AltrootFS { root: VfsPath { path: "", fs: VFS { fs: PhysicalFS { root: "F:\\EBH Dev Works\\EBH-Aux-Mod" } } } } } }] } } }
2025-12-18T18:48:11.259981Z TRACE ThreadId(01) Prefix: VfsPath { path: "/addons/weapons/$PBOPREFIX$", fs: VFS { fs: OverlayFS { layers: [VfsPath { path: "", fs: VFS { fs: In Memory File System } }, VfsPath { path: "", fs: VFS { fs: AltrootFS { root: VfsPath { path: "", fs: VFS { fs: PhysicalFS { root: "F:\\EBH Dev Works\\EBH-Aux-Mod\\include" } } } } } }, VfsPath { path: "", fs: VFS { fs: AltrootFS { root: VfsPath { path: "", fs: VFS { fs: PhysicalFS { root: "C:\\Users\\corra\\AppData\\Local\\Temp\\hemtt\\EBH Dev Works_EBH-Aux-Mod\\hemtt_binarize_output" } } } } } }, VfsPath { path: "", fs: VFS { fs: AltrootFS { root: VfsPath { path: "", fs: VFS { fs: PhysicalFS { root: "F:\\EBH Dev Works\\EBH-Aux-Mod" } } } } } }] } } }
2025-12-18T18:48:11.260481Z TRACE ThreadId(01) config.cpp: VfsPath { path: "/addons/weapons/config.cpp", fs: VFS { fs: OverlayFS { layers: [VfsPath { path: "", fs: VFS { fs: In Memory File System } }, VfsPath { path: "", fs: VFS { fs: AltrootFS { root: VfsPath { path: "", fs: VFS { fs: PhysicalFS { root: "F:\\EBH Dev Works\\EBH-Aux-Mod\\include" } } } } } }, VfsPath { path: "", fs: VFS { fs: AltrootFS { root: VfsPath { path: "", fs: VFS { fs: PhysicalFS { root: "C:\\Users\\corra\\AppData\\Local\\Temp\\hemtt\\EBH Dev Works_EBH-Aux-Mod\\hemtt_binarize_output" } } } } } }, VfsPath { path: "", fs: VFS { fs: AltrootFS { root: VfsPath { path: "", fs: VFS { fs: PhysicalFS { root: "F:\\EBH Dev Works\\EBH-Aux-Mod" } } } } } }] } } }
2025-12-18T18:48:11.261949Z TRACE ThreadId(01) config.cpp: VfsPath { path: "/addons/weapons/br45b/config.cpp", fs: VFS { fs: OverlayFS { layers: [VfsPath { path: "", fs: VFS { fs: In Memory File System } }, VfsPath { path: "", fs: VFS { fs: AltrootFS { root: VfsPath { path: "", fs: VFS { fs: PhysicalFS { root: "F:\\EBH Dev Works\\EBH-Aux-Mod\\include" } } } } } }, VfsPath { path: "", fs: VFS { fs: AltrootFS { root: VfsPath { path: "", fs: VFS { fs: PhysicalFS { root: "C:\\Users\\corra\\AppData\\Local\\Temp\\hemtt\\EBH Dev Works_EBH-Aux-Mod\\hemtt_binarize_output" } } } } } }, VfsPath { path: "", fs: VFS { fs: AltrootFS { root: VfsPath { path: "", fs: VFS { fs: PhysicalFS { root: "F:\\EBH Dev Works\\EBH-Aux-Mod" } } } } } }] } } }
2025-12-18T18:48:11.262498Z TRACE ThreadId(01) config.cpp: VfsPath { path: "/addons/weapons/puma/config.cpp", fs: VFS { fs: OverlayFS { layers: [VfsPath { path: "", fs: VFS { fs: In Memory File System } }, VfsPath { path: "", fs: VFS { fs: AltrootFS { root: VfsPath { path: "", fs: VFS { fs: PhysicalFS { root: "F:\\EBH Dev Works\\EBH-Aux-Mod\\include" } } } } } }, VfsPath { path: "", fs: VFS { fs: AltrootFS { root: VfsPath { path: "", fs: VFS { fs: PhysicalFS { root: "C:\\Users\\corra\\AppData\\Local\\Temp\\hemtt\\EBH Dev Works_EBH-Aux-Mod\\hemtt_binarize_output" } } } } } }, VfsPath { path: "", fs: VFS { fs: AltrootFS { root: VfsPath { path: "", fs: VFS { fs: PhysicalFS { root: "F:\\EBH Dev Works\\EBH-Aux-Mod" } } } } } }] } } }
2025-12-18T18:48:11.262939Z TRACE ThreadId(01) config.cpp: VfsPath { path: "/addons/weapons/m247/config.cpp", fs: VFS { fs: OverlayFS { layers: [VfsPath { path: "", fs: VFS { fs: In Memory File System } }, VfsPath { path: "", fs: VFS { fs: AltrootFS { root: VfsPath { path: "", fs: VFS { fs: PhysicalFS { root: "F:\\EBH Dev Works\\EBH-Aux-Mod\\include" } } } } } }, VfsPath { path: "", fs: VFS { fs: AltrootFS { root: VfsPath { path: "", fs: VFS { fs: PhysicalFS { root: "C:\\Users\\corra\\AppData\\Local\\Temp\\hemtt\\EBH Dev Works_EBH-Aux-Mod\\hemtt_binarize_output" } } } } } }, VfsPath { path: "", fs: VFS { fs: AltrootFS { root: VfsPath { path: "", fs: VFS { fs: PhysicalFS { root: "F:\\EBH Dev Works\\EBH-Aux-Mod" } } } } } }] } } }
2025-12-18T18:48:11.263567Z TRACE ThreadId(01) config.cpp: VfsPath { path: "/addons/weapons/m6g/config.cpp", fs: VFS { fs: OverlayFS { layers: [VfsPath { path: "", fs: VFS { fs: In Memory File System } }, VfsPath { path: "", fs: VFS { fs: AltrootFS { root: VfsPath { path: "", fs: VFS { fs: PhysicalFS { root: "F:\\EBH Dev Works\\EBH-Aux-Mod\\include" } } } } } }, VfsPath { path: "", fs: VFS { fs: AltrootFS { root: VfsPath { path: "", fs: VFS { fs: PhysicalFS { root: "C:\\Users\\corra\\AppData\\Local\\Temp\\hemtt\\EBH Dev Works_EBH-Aux-Mod\\hemtt_binarize_output" } } } } } }, VfsPath { path: "", fs: VFS { fs: AltrootFS { root: VfsPath { path: "", fs: VFS { fs: PhysicalFS { root: "F:\\EBH Dev Works\\EBH-Aux-Mod" } } } } } }] } } }
2025-12-18T18:48:11.264174Z TRACE ThreadId(01) config.cpp: VfsPath { path: "/addons/weapons/vtr93vindicta/config.cpp", fs: VFS { fs: OverlayFS { layers: [VfsPath { path: "", fs: VFS { fs: In Memory File System } }, VfsPath { path: "", fs: VFS { fs: AltrootFS { root: VfsPath { path: "", fs: VFS { fs: PhysicalFS { root: "F:\\EBH Dev Works\\EBH-Aux-Mod\\include" } } } } } }, VfsPath { path: "", fs: VFS { fs: AltrootFS { root: VfsPath { path: "", fs: VFS { fs: PhysicalFS { root: "C:\\Users\\corra\\AppData\\Local\\Temp\\hemtt\\EBH Dev Works_EBH-Aux-Mod\\hemtt_binarize_output" } } } } } }, VfsPath { path: "", fs: VFS { fs: AltrootFS { root: VfsPath { path: "", fs: VFS { fs: PhysicalFS { root: "F:\\EBH Dev Works\\EBH-Aux-Mod" } } } } } }] } } }
2025-12-18T18:48:11.265100Z TRACE ThreadId(01) config.cpp: VfsPath { path: "/addons/weapons/vk78commando/config.cpp", fs: VFS { fs: OverlayFS { layers: [VfsPath { path: "", fs: VFS { fs: In Memory File System } }, VfsPath { path: "", fs: VFS { fs: AltrootFS { root: VfsPath { path: "", fs: VFS { fs: PhysicalFS { root: "F:\\EBH Dev Works\\EBH-Aux-Mod\\include" } } } } } }, VfsPath { path: "", fs: VFS { fs: AltrootFS { root: VfsPath { path: "", fs: VFS { fs: PhysicalFS { root: "C:\\Users\\corra\\AppData\\Local\\Temp\\hemtt\\EBH Dev Works_EBH-Aux-Mod\\hemtt_binarize_output" } } } } } }, VfsPath { path: "", fs: VFS { fs: AltrootFS { root: VfsPath { path: "", fs: VFS { fs: PhysicalFS { root: "F:\\EBH Dev Works\\EBH-Aux-Mod" } } } } } }] } } }
2025-12-18T18:48:11.265420Z TRACE ThreadId(01) config.cpp: VfsPath { path: "/addons/weapons/m6c/config.cpp", fs: VFS { fs: OverlayFS { layers: [VfsPath { path: "", fs: VFS { fs: In Memory File System } }, VfsPath { path: "", fs: VFS { fs: AltrootFS { root: VfsPath { path: "", fs: VFS { fs: PhysicalFS { root: "F:\\EBH Dev Works\\EBH-Aux-Mod\\include" } } } } } }, VfsPath { path: "", fs: VFS { fs: AltrootFS { root: VfsPath { path: "", fs: VFS { fs: PhysicalFS { root: "C:\\Users\\corra\\AppData\\Local\\Temp\\hemtt\\EBH Dev Works_EBH-Aux-Mod\\hemtt_binarize_output" } } } } } }, VfsPath { path: "", fs: VFS { fs: AltrootFS { root: VfsPath { path: "", fs: VFS { fs: PhysicalFS { root: "F:\\EBH Dev Works\\EBH-Aux-Mod" } } } } } }] } } }
2025-12-18T18:48:11.266461Z TRACE ThreadId(01) config.cpp: VfsPath { path: "/addons/weapons/lmr11shortbow/config.cpp", fs: VFS { fs: OverlayFS { layers: [VfsPath { path: "", fs: VFS { fs: In Memory File System } }, VfsPath { path: "", fs: VFS { fs: AltrootFS { root: VfsPath { path: "", fs: VFS { fs: PhysicalFS { root: "F:\\EBH Dev Works\\EBH-Aux-Mod\\include" } } } } } }, VfsPath { path: "", fs: VFS { fs: AltrootFS { root: VfsPath { path: "", fs: VFS { fs: PhysicalFS { root: "C:\\Users\\corra\\AppData\\Local\\Temp\\hemtt\\EBH Dev Works_EBH-Aux-Mod\\hemtt_binarize_output" } } } } } }, VfsPath { path: "", fs: VFS { fs: AltrootFS { root: VfsPath { path: "", fs: VFS { fs: PhysicalFS { root: "F:\\EBH Dev Works\\EBH-Aux-Mod" } } } } } }] } } }
2025-12-18T18:48:11.266734Z TRACE ThreadId(01) config.cpp: VfsPath { path: "/addons/weapons/ma37k/config.cpp", fs: VFS { fs: OverlayFS { layers: [VfsPath { path: "", fs: VFS { fs: In Memory File System } }, VfsPath { path: "", fs: VFS { fs: AltrootFS { root: VfsPath { path: "", fs: VFS { fs: PhysicalFS { root: "F:\\EBH Dev Works\\EBH-Aux-Mod\\include" } } } } } }, VfsPath { path: "", fs: VFS { fs: AltrootFS { root: VfsPath { path: "", fs: VFS { fs: PhysicalFS { root: "C:\\Users\\corra\\AppData\\Local\\Temp\\hemtt\\EBH Dev Works_EBH-Aux-Mod\\hemtt_binarize_output" } } } } } }, VfsPath { path: "", fs: VFS { fs: AltrootFS { root: VfsPath { path: "", fs: VFS { fs: PhysicalFS { root: "F:\\EBH Dev Works\\EBH-Aux-Mod" } } } } } }] } } }
2025-12-18T18:48:11.267706Z TRACE ThreadId(01) config.cpp: VfsPath { path: "/addons/weapons/mr10longbow/config.cpp", fs: VFS { fs: OverlayFS { layers: [VfsPath { path: "", fs: VFS { fs: In Memory File System } }, VfsPath { path: "", fs: VFS { fs: AltrootFS { root: VfsPath { path: "", fs: VFS { fs: PhysicalFS { root: "F:\\EBH Dev Works\\EBH-Aux-Mod\\include" } } } } } }, VfsPath { path: "", fs: VFS { fs: AltrootFS { root: VfsPath { path: "", fs: VFS { fs: PhysicalFS { root: "C:\\Users\\corra\\AppData\\Local\\Temp\\hemtt\\EBH Dev Works_EBH-Aux-Mod\\hemtt_binarize_output" } } } } } }, VfsPath { path: "", fs: VFS { fs: AltrootFS { root: VfsPath { path: "", fs: VFS { fs: PhysicalFS { root: "F:\\EBH Dev Works\\EBH-Aux-Mod" } } } } } }] } } }
2025-12-18T18:48:11.268344Z TRACE ThreadId(01) config.cpp: VfsPath { path: "/addons/weapons/mhg16/config.cpp", fs: VFS { fs: OverlayFS { layers: [VfsPath { path: "", fs: VFS { fs: In Memory File System } }, VfsPath { path: "", fs: VFS { fs: AltrootFS { root: VfsPath { path: "", fs: VFS { fs: PhysicalFS { root: "F:\\EBH Dev Works\\EBH-Aux-Mod\\include" } } } } } }, VfsPath { path: "", fs: VFS { fs: AltrootFS { root: VfsPath { path: "", fs: VFS { fs: PhysicalFS { root: "C:\\Users\\corra\\AppData\\Local\\Temp\\hemtt\\EBH Dev Works_EBH-Aux-Mod\\hemtt_binarize_output" } } } } } }, VfsPath { path: "", fs: VFS { fs: AltrootFS { root: VfsPath { path: "", fs: VFS { fs: PhysicalFS { root: "F:\\EBH Dev Works\\EBH-Aux-Mod" } } } } } }] } } }
2025-12-18T18:48:11.269159Z TRACE ThreadId(01) config.cpp: VfsPath { path: "/addons/weapons/ma5cgl/config.cpp", fs: VFS { fs: OverlayFS { layers: [VfsPath { path: "", fs: VFS { fs: In Memory File System } }, VfsPath { path: "", fs: VFS { fs: AltrootFS { root: VfsPath { path: "", fs: VFS { fs: PhysicalFS { root: "F:\\EBH Dev Works\\EBH-Aux-Mod\\include" } } } } } }, VfsPath { path: "", fs: VFS { fs: AltrootFS { root: VfsPath { path: "", fs: VFS { fs: PhysicalFS { root: "C:\\Users\\corra\\AppData\\Local\\Temp\\hemtt\\EBH Dev Works_EBH-Aux-Mod\\hemtt_binarize_output" } } } } } }, VfsPath { path: "", fs: VFS { fs: AltrootFS { root: VfsPath { path: "", fs: VFS { fs: PhysicalFS { root: "F:\\EBH Dev Works\\EBH-Aux-Mod" } } } } } }] } } }
2025-12-18T18:48:11.271465Z TRACE ThreadId(01) config.cpp: VfsPath { path: "/addons/weapons/accessories/config.cpp", fs: VFS { fs: OverlayFS { layers: [VfsPath { path: "", fs: VFS { fs: In Memory File System } }, VfsPath { path: "", fs: VFS { fs: AltrootFS { root: VfsPath { path: "", fs: VFS { fs: PhysicalFS { root: "F:\\EBH Dev Works\\EBH-Aux-Mod\\include" } } } } } }, VfsPath { path: "", fs: VFS { fs: AltrootFS { root: VfsPath { path: "", fs: VFS { fs: PhysicalFS { root: "C:\\Users\\corra\\AppData\\Local\\Temp\\hemtt\\EBH Dev Works_EBH-Aux-Mod\\hemtt_binarize_output" } } } } } }, VfsPath { path: "", fs: VFS { fs: AltrootFS { root: VfsPath { path: "", fs: VFS { fs: PhysicalFS { root: "F:\\EBH Dev Works\\EBH-Aux-Mod" } } } } } }] } } }
2025-12-18T18:48:11.274218Z TRACE ThreadId(01) config.cpp: VfsPath { path: "/addons/weapons/ma5c/config.cpp", fs: VFS { fs: OverlayFS { layers: [VfsPath { path: "", fs: VFS { fs: In Memory File System } }, VfsPath { path: "", fs: VFS { fs: AltrootFS { root: VfsPath { path: "", fs: VFS { fs: PhysicalFS { root: "F:\\EBH Dev Works\\EBH-Aux-Mod\\include" } } } } } }, VfsPath { path: "", fs: VFS { fs: AltrootFS { root: VfsPath { path: "", fs: VFS { fs: PhysicalFS { root: "C:\\Users\\corra\\AppData\\Local\\Temp\\hemtt\\EBH Dev Works_EBH-Aux-Mod\\hemtt_binarize_output" } } } } } }, VfsPath { path: "", fs: VFS { fs: AltrootFS { root: VfsPath { path: "", fs: VFS { fs: PhysicalFS { root: "F:\\EBH Dev Works\\EBH-Aux-Mod" } } } } } }] } } }
2025-12-18T18:48:11.277858Z TRACE ThreadId(01) config.cpp: VfsPath { path: "/addons/weapons/m295bmr/config.cpp", fs: VFS { fs: OverlayFS { layers: [VfsPath { path: "", fs: VFS { fs: In Memory File System } }, VfsPath { path: "", fs: VFS { fs: AltrootFS { root: VfsPath { path: "", fs: VFS { fs: PhysicalFS { root: "F:\\EBH Dev Works\\EBH-Aux-Mod\\include" } } } } } }, VfsPath { path: "", fs: VFS { fs: AltrootFS { root: VfsPath { path: "", fs: VFS { fs: PhysicalFS { root: "C:\\Users\\corra\\AppData\\Local\\Temp\\hemtt\\EBH Dev Works_EBH-Aux-Mod\\hemtt_binarize_output" } } } } } }, VfsPath { path: "", fs: VFS { fs: AltrootFS { root: VfsPath { path: "", fs: VFS { fs: PhysicalFS { root: "F:\\EBH Dev Works\\EBH-Aux-Mod" } } } } } }] } } }
2025-12-18T18:48:11.278459Z TRACE ThreadId(01) config.cpp: VfsPath { path: "/addons/weapons/m73/config.cpp", fs: VFS { fs: OverlayFS { layers: [VfsPath { path: "", fs: VFS { fs: In Memory File System } }, VfsPath { path: "", fs: VFS { fs: AltrootFS { root: VfsPath { path: "", fs: VFS { fs: PhysicalFS { root: "F:\\EBH Dev Works\\EBH-Aux-Mod\\include" } } } } } }, VfsPath { path: "", fs: VFS { fs: AltrootFS { root: VfsPath { path: "", fs: VFS { fs: PhysicalFS { root: "C:\\Users\\corra\\AppData\\Local\\Temp\\hemtt\\EBH Dev Works_EBH-Aux-Mod\\hemtt_binarize_output" } } } } } }, VfsPath { path: "", fs: VFS { fs: AltrootFS { root: VfsPath { path: "", fs: VFS { fs: PhysicalFS { root: "F:\\EBH Dev Works\\EBH-Aux-Mod" } } } } } }] } } }
2025-12-18T18:48:11.279191Z TRACE ThreadId(01) config.cpp: VfsPath { path: "/addons/weapons/m98harvester/config.cpp", fs: VFS { fs: OverlayFS { layers: [VfsPath { path: "", fs: VFS { fs: In Memory File System } }, VfsPath { path: "", fs: VFS { fs: AltrootFS { root: VfsPath { path: "", fs: VFS { fs: PhysicalFS { root: "F:\\EBH Dev Works\\EBH-Aux-Mod\\include" } } } } } }, VfsPath { path: "", fs: VFS { fs: AltrootFS { root: VfsPath { path: "", fs: VFS { fs: PhysicalFS { root: "C:\\Users\\corra\\AppData\\Local\\Temp\\hemtt\\EBH Dev Works_EBH-Aux-Mod\\hemtt_binarize_output" } } } } } }, VfsPath { path: "", fs: VFS { fs: AltrootFS { root: VfsPath { path: "", fs: VFS { fs: PhysicalFS { root: "F:\\EBH Dev Works\\EBH-Aux-Mod" } } } } } }] } } }
2025-12-18T18:48:11.279552Z TRACE ThreadId(01) config.cpp: VfsPath { path: "/addons/brandings/config.cpp", fs: VFS { fs: OverlayFS { layers: [VfsPath { path: "", fs: VFS { fs: In Memory File System } }, VfsPath { path: "", fs: VFS { fs: AltrootFS { root: VfsPath { path: "", fs: VFS { fs: PhysicalFS { root: "F:\\EBH Dev Works\\EBH-Aux-Mod\\include" } } } } } }, VfsPath { path: "", fs: VFS { fs: AltrootFS { root: VfsPath { path: "", fs: VFS { fs: PhysicalFS { root: "C:\\Users\\corra\\AppData\\Local\\Temp\\hemtt\\EBH Dev Works_EBH-Aux-Mod\\hemtt_binarize_output" } } } } } }, VfsPath { path: "", fs: VFS { fs: AltrootFS { root: VfsPath { path: "", fs: VFS { fs: PhysicalFS { root: "F:\\EBH Dev Works\\EBH-Aux-Mod" } } } } } }] } } }
2025-12-18T18:48:11.279736Z TRACE ThreadId(01) Prefix: VfsPath { path: "/addons/brandings/$PBOPREFIX$", fs: VFS { fs: OverlayFS { layers: [VfsPath { path: "", fs: VFS { fs: In Memory File System } }, VfsPath { path: "", fs: VFS { fs: AltrootFS { root: VfsPath { path: "", fs: VFS { fs: PhysicalFS { root: "F:\\EBH Dev Works\\EBH-Aux-Mod\\include" } } } } } }, VfsPath { path: "", fs: VFS { fs: AltrootFS { root: VfsPath { path: "", fs: VFS { fs: PhysicalFS { root: "C:\\Users\\corra\\AppData\\Local\\Temp\\hemtt\\EBH Dev Works_EBH-Aux-Mod\\hemtt_binarize_output" } } } } } }, VfsPath { path: "", fs: VFS { fs: AltrootFS { root: VfsPath { path: "", fs: VFS { fs: PhysicalFS { root: "F:\\EBH Dev Works\\EBH-Aux-Mod" } } } } } }] } } }
2025-12-18T18:48:11.280603Z TRACE ThreadId(01) checking for version macro in VfsPath { path: "/addons/main/script_version.hpp", fs: VFS { fs: OverlayFS { layers: [VfsPath { path: "", fs: VFS { fs: In Memory File System } }, VfsPath { path: "", fs: VFS { fs: AltrootFS { root: VfsPath { path: "", fs: VFS { fs: PhysicalFS { root: "F:\\EBH Dev Works\\EBH-Aux-Mod\\include" } } } } } }, VfsPath { path: "", fs: VFS { fs: AltrootFS { root: VfsPath { path: "", fs: VFS { fs: PhysicalFS { root: "C:\\Users\\corra\\AppData\\Local\\Temp\\hemtt\\EBH Dev Works_EBH-Aux-Mod\\hemtt_binarize_output" } } } } } }, VfsPath { path: "", fs: VFS { fs: AltrootFS { root: VfsPath { path: "", fs: VFS { fs: PhysicalFS { root: "F:\\EBH Dev Works\\EBH-Aux-Mod" } } } } } }] } } }
2025-12-18T18:48:11.280956Z  INFO ThreadId(01) Config loaded for Echo Hand Battalion - Aux Mod 1.3.0.10
2025-12-18T18:48:11.281045Z TRACE ThreadId(01) Scanning F:\EBH Dev Works\EBH-Aux-Mod\addons for addons
2025-12-18T18:48:11.282071Z DEBUG ThreadId(01) using global config directory: "C:\\Users\\corra\\AppData\\Roaming\\hemtt"
2025-12-18T18:48:11.282799Z  INFO ThreadId(01) Creating `dev` version
2025-12-18T18:48:11.282822Z TRACE ThreadId(01) phase: init (BOM Check) (start)
2025-12-18T18:48:11.282829Z TRACE ThreadId(01) phase: init (BOM Check) (done)
2025-12-18T18:48:11.282832Z TRACE ThreadId(01) phase: init (Final New Line Check) (start)
2025-12-18T18:48:11.282835Z TRACE ThreadId(01) phase: init (Final New Line Check) (done)
2025-12-18T18:48:11.282838Z TRACE ThreadId(01) phase: init (Hooks) (start)
2025-12-18T18:48:11.285312Z TRACE ThreadId(01) phase: init (Hooks) (done)
2025-12-18T18:48:11.285321Z TRACE ThreadId(01) phase: init (tex_headers) (start)
2025-12-18T18:48:11.285324Z TRACE ThreadId(01) phase: init (tex_headers) (done)
2025-12-18T18:48:11.285363Z TRACE ThreadId(01) phase: init (Files) (start)
2025-12-18T18:48:11.285368Z TRACE ThreadId(01) phase: init (Files) (done)
2025-12-18T18:48:11.285372Z TRACE ThreadId(01) phase: init (FilePatching) (start)
2025-12-18T18:48:11.285375Z TRACE ThreadId(01) phase: init (FilePatching) (done)
2025-12-18T18:48:11.285377Z TRACE ThreadId(01) phase: init (summary) (start)
2025-12-18T18:48:11.285380Z TRACE ThreadId(01) phase: init (summary) (done)
2025-12-18T18:48:11.285383Z TRACE ThreadId(01) phase: init (Rapifier) (start)
2025-12-18T18:48:11.285386Z TRACE ThreadId(01) phase: init (Rapifier) (done)
2025-12-18T18:48:11.285389Z TRACE ThreadId(01) phase: init (SQF) (start)
2025-12-18T18:48:11.770579Z TRACE ThreadId(01) phase: init (SQF) (done)
2025-12-18T18:48:11.770598Z TRACE ThreadId(01) phase: init (Stringtables) (start)
2025-12-18T18:48:11.770601Z TRACE ThreadId(01) phase: init (Stringtables) (done)
2025-12-18T18:48:11.770605Z TRACE ThreadId(01) phase: check (BOM Check) (start)
2025-12-18T18:48:11.787721Z TRACE ThreadId(01) phase: check (BOM Check) (done)
2025-12-18T18:48:11.787739Z TRACE ThreadId(01) phase: check (Final New Line Check) (start)
2025-12-18T18:48:11.797507Z TRACE ThreadId(01) phase: check (Final New Line Check) (done)
2025-12-18T18:48:11.797524Z TRACE ThreadId(01) phase: check (Hooks) (start)
2025-12-18T18:48:11.797529Z TRACE ThreadId(01) phase: check (Hooks) (done)
2025-12-18T18:48:11.797533Z TRACE ThreadId(01) phase: check (tex_headers) (start)
2025-12-18T18:48:11.797537Z TRACE ThreadId(01) phase: check (tex_headers) (done)
2025-12-18T18:48:11.797541Z TRACE ThreadId(01) phase: check (Files) (start)
2025-12-18T18:48:11.797545Z TRACE ThreadId(01) phase: check (Files) (done)
2025-12-18T18:48:11.797547Z TRACE ThreadId(01) phase: check (FilePatching) (start)
2025-12-18T18:48:11.797550Z TRACE ThreadId(01) phase: check (FilePatching) (done)
2025-12-18T18:48:11.797553Z TRACE ThreadId(01) phase: check (summary) (start)
2025-12-18T18:48:11.797556Z TRACE ThreadId(01) phase: check (summary) (done)
2025-12-18T18:48:11.797559Z TRACE ThreadId(01) phase: check (Rapifier) (start)
2025-12-18T18:48:11.797639Z TRACE ThreadId(01) phase: check (Rapifier) (done)
2025-12-18T18:48:11.797651Z TRACE ThreadId(01) phase: check (SQF) (start)
2025-12-18T18:48:11.797737Z TRACE ThreadId(01) phase: check (SQF) (done)
2025-12-18T18:48:11.797750Z TRACE ThreadId(01) phase: check (Stringtables) (start)
2025-12-18T18:48:11.797786Z TRACE ThreadId(01) phase: check (Stringtables) (done)
2025-12-18T18:48:11.797792Z TRACE ThreadId(01) phase: pre_build (BOM Check) (start)
2025-12-18T18:48:11.797796Z TRACE ThreadId(01) phase: pre_build (BOM Check) (done)
2025-12-18T18:48:11.797799Z TRACE ThreadId(01) phase: pre_build (Final New Line Check) (start)
2025-12-18T18:48:11.797804Z TRACE ThreadId(01) phase: pre_build (Final New Line Check) (done)
2025-12-18T18:48:11.797807Z TRACE ThreadId(01) phase: pre_build (Hooks) (start)
2025-12-18T18:48:11.798502Z  INFO ThreadId(01) Running hook: pre_build/01_set_version.rhai
2025-12-18T18:48:11.799691Z  INFO ThreadId(01) [pre_build/01_set_version.rhai] mod.cpp version set to 1.3.0.10
2025-12-18T18:48:11.800006Z  INFO ThreadId(01) [pre_build/01_set_version.rhai] README.md version set to 1.3.0.10
2025-12-18T18:48:11.800148Z TRACE ThreadId(01) phase: pre_build (Hooks) (done)
2025-12-18T18:48:11.800152Z TRACE ThreadId(01) phase: pre_build (tex_headers) (start)
2025-12-18T18:48:11.806055Z DEBUG ThreadId(08) Writing texture headers to "/addons/main/texHeaders.bin"
2025-12-18T18:48:11.812613Z DEBUG ThreadId(09) Writing texture headers to "/addons/objects/texHeaders.bin"
2025-12-18T18:48:11.815569Z DEBUG ThreadId(05) Writing texture headers to "/addons/brandings/texHeaders.bin"
2025-12-18T18:48:11.820991Z DEBUG ThreadId(10) Writing texture headers to "/addons/weapons/texHeaders.bin"
2025-12-18T18:48:11.873304Z DEBUG ThreadId(07) Writing texture headers to "/addons/armor/texHeaders.bin"
2025-12-18T18:48:11.874153Z  INFO ThreadId(01) Generated 5 texture headers
2025-12-18T18:48:11.874174Z TRACE ThreadId(01) phase: pre_build (tex_headers) (done)
2025-12-18T18:48:11.874182Z TRACE ThreadId(01) phase: pre_build (Files) (start)
2025-12-18T18:48:11.874187Z TRACE ThreadId(01) phase: pre_build (Files) (done)
2025-12-18T18:48:11.874190Z TRACE ThreadId(01) phase: pre_build (FilePatching) (start)
2025-12-18T18:48:11.874482Z TRACE ThreadId(05) junction link "F:\\EBH Dev Works\\EBH-Aux-Mod\\.hemttout\\dev\\addons\\chat_wheel_redux" => "F:\\EBH Dev Works\\EBH-Aux-Mod\\addons\\chat_wheel_redux"
2025-12-18T18:48:11.874479Z TRACE ThreadId(03) junction link "F:\\EBH Dev Works\\EBH-Aux-Mod\\.hemttout\\dev\\addons\\armor" => "F:\\EBH Dev Works\\EBH-Aux-Mod\\addons\\armor"
2025-12-18T18:48:11.874516Z TRACE ThreadId(07) junction link "F:\\EBH Dev Works\\EBH-Aux-Mod\\.hemttout\\dev\\addons\\objects" => "F:\\EBH Dev Works\\EBH-Aux-Mod\\addons\\objects"
2025-12-18T18:48:11.874564Z TRACE ThreadId(09) junction link "F:\\EBH Dev Works\\EBH-Aux-Mod\\.hemttout\\dev\\addons\\common" => "F:\\EBH Dev Works\\EBH-Aux-Mod\\addons\\common"
2025-12-18T18:48:11.874505Z TRACE ThreadId(10) junction link "F:\\EBH Dev Works\\EBH-Aux-Mod\\.hemttout\\dev\\addons\\weapons" => "F:\\EBH Dev Works\\EBH-Aux-Mod\\addons\\weapons"
2025-12-18T18:48:11.874526Z TRACE ThreadId(08) junction link "F:\\EBH Dev Works\\EBH-Aux-Mod\\.hemttout\\dev\\addons\\main" => "F:\\EBH Dev Works\\EBH-Aux-Mod\\addons\\main"
2025-12-18T18:48:11.874516Z TRACE ThreadId(04) junction link "F:\\EBH Dev Works\\EBH-Aux-Mod\\.hemttout\\dev\\addons\\gears" => "F:\\EBH Dev Works\\EBH-Aux-Mod\\addons\\gears"
2025-12-18T18:48:11.874502Z TRACE ThreadId(06) junction link "F:\\EBH Dev Works\\EBH-Aux-Mod\\.hemttout\\dev\\addons\\brandings" => "F:\\EBH Dev Works\\EBH-Aux-Mod\\addons\\brandings"
2025-12-18T18:48:11.936291Z TRACE ThreadId(01) phase: pre_build (FilePatching) (done)
2025-12-18T18:48:11.936313Z TRACE ThreadId(01) phase: pre_build (summary) (start)
2025-12-18T18:48:11.936317Z TRACE ThreadId(01) phase: pre_build (summary) (done)
2025-12-18T18:48:11.936320Z TRACE ThreadId(01) phase: pre_build (Rapifier) (start)
2025-12-18T18:48:12.217731Z  INFO ThreadId(01) Rapified 26 addon configs
2025-12-18T18:48:12.217815Z TRACE ThreadId(01) phase: pre_build (Rapifier) (done)
2025-12-18T18:48:12.217819Z TRACE ThreadId(01) phase: pre_build (SQF) (start)
2025-12-18T18:48:12.338601Z TRACE ThreadId(03) sqf compiling /addons/armor/XEH_preStart.sqf
2025-12-18T18:48:12.338619Z TRACE ThreadId(12) sqf compiling /addons/armor/XEH_preInit.sqf
2025-12-18T18:48:12.338602Z TRACE ThreadId(06) sqf compiling /addons/main/functions/fnc_onArsenalOpen.sqf
2025-12-18T18:48:12.338601Z TRACE ThreadId(13) sqf compiling /addons/common/XEH_preStart.sqf
2025-12-18T18:48:12.338613Z TRACE ThreadId(05) sqf compiling /addons/chat_wheel_redux/Data/Functions/Utils/fn_sortByDistance.sqf
2025-12-18T18:48:12.338614Z TRACE ThreadId(10) sqf compiling /addons/chat_wheel_redux/Data/Functions/Chat/fn_processTags.sqf
2025-12-18T18:48:12.338610Z TRACE ThreadId(14) sqf compiling /addons/chat_wheel_redux/Data/Functions/Utils/fn_getNearbyPlayers.sqf
2025-12-18T18:48:12.338622Z TRACE ThreadId(07) sqf compiling /addons/main/functions/fnc_setMedic.sqf
2025-12-18T18:48:12.338605Z TRACE ThreadId(11) sqf compiling /addons/chat_wheel_redux/Data/Functions/Utils/fn_createCasualtyPing.sqf
2025-12-18T18:48:12.338601Z TRACE ThreadId(08) sqf compiling /addons/chat_wheel_redux/Data/Functions/Utils/fn_findAllVoicelineTags.sqf
2025-12-18T18:48:12.338630Z TRACE ThreadId(04) sqf compiling /addons/gears/XEH_preInit.sqf
2025-12-18T18:48:12.338637Z TRACE ThreadId(09) sqf compiling /addons/chat_wheel_redux/Data/Functions/Chat/fn_sendGroupMessage.sqf
2025-12-18T18:48:12.340620Z TRACE ThreadId(08) wiki has syntax with [unknown] type
2025-12-18T18:48:12.340811Z TRACE ThreadId(09) wiki has syntax with [unknown] type
2025-12-18T18:48:12.340827Z TRACE ThreadId(09) wiki has syntax with [unknown] type
2025-12-18T18:48:12.340832Z TRACE ThreadId(09) wiki has syntax with [unknown] type
2025-12-18T18:48:12.340838Z TRACE ThreadId(09) wiki has syntax with [unknown] type
2025-12-18T18:48:12.340963Z TRACE ThreadId(05) wiki has syntax with [unknown] type
2025-12-18T18:48:12.340983Z TRACE ThreadId(05) wiki has syntax with [unknown] type
2025-12-18T18:48:12.340992Z TRACE ThreadId(05) wiki has syntax with [unknown] type
2025-12-18T18:48:12.340998Z TRACE ThreadId(05) wiki has syntax with [unknown] type
2025-12-18T18:48:12.341017Z TRACE ThreadId(05) wiki has syntax with [unknown] type
2025-12-18T18:48:12.341024Z TRACE ThreadId(05) wiki has syntax with [unknown] type
2025-12-18T18:48:12.341280Z TRACE ThreadId(12) sqf compiling /addons/chat_wheel_redux/XEH_postInitClient.sqf
2025-12-18T18:48:12.341708Z TRACE ThreadId(14) wiki has syntax with [unknown] type
2025-12-18T18:48:12.341733Z TRACE ThreadId(14) wiki has syntax with [unknown] type
2025-12-18T18:48:12.341740Z TRACE ThreadId(14) wiki has syntax with [unknown] type
2025-12-18T18:48:12.341763Z TRACE ThreadId(14) wiki has syntax with [unknown] type
2025-12-18T18:48:12.341854Z TRACE ThreadId(03) sqf compiling /addons/chat_wheel_redux/Data/Functions/Utils/fn_isPlayer.sqf
2025-12-18T18:48:12.342045Z TRACE ThreadId(08) sqf compiling /addons/chat_wheel_redux/Data/Functions/Utils/fn_removeQuotes.sqf
2025-12-18T18:48:12.342239Z TRACE ThreadId(11) wiki has syntax with [unknown] type
2025-12-18T18:48:12.342268Z TRACE ThreadId(11) wiki has syntax with [unknown] type
2025-12-18T18:48:12.342455Z TRACE ThreadId(09) sqf compiling /addons/chat_wheel_redux/Data/Functions/EventHandlers/fn_unconsciousEH.sqf
2025-12-18T18:48:12.343457Z TRACE ThreadId(12) wiki has syntax with [unknown] type
2025-12-18T18:48:12.343506Z TRACE ThreadId(12) wiki has syntax with [unknown] type
2025-12-18T18:48:12.343570Z TRACE ThreadId(12) wiki has syntax with [unknown] type
2025-12-18T18:48:12.343626Z TRACE ThreadId(12) wiki has syntax with [unknown] type
2025-12-18T18:48:12.343638Z TRACE ThreadId(12) wiki has syntax with [unknown] type
2025-12-18T18:48:12.343868Z TRACE ThreadId(03) wiki has syntax with [unknown] type
2025-12-18T18:48:12.343886Z TRACE ThreadId(03) wiki has syntax with [unknown] type
2025-12-18T18:48:12.343898Z TRACE ThreadId(03) wiki has syntax with [unknown] type
2025-12-18T18:48:12.344074Z TRACE ThreadId(05) sqf compiling /addons/chat_wheel_redux/Data/Functions/Utils/fn_getDirFromBearing.sqf
2025-12-18T18:48:12.344284Z TRACE ThreadId(14) sqf compiling /addons/chat_wheel_redux/Data/Functions/Sounds/fn_playLocalSound.sqf
2025-12-18T18:48:12.344357Z TRACE ThreadId(08) wiki has syntax with [unknown] type
2025-12-18T18:48:12.344398Z TRACE ThreadId(08) wiki has syntax with [unknown] type
2025-12-18T18:48:12.345579Z TRACE ThreadId(07) wiki has syntax with [unknown] type
2025-12-18T18:48:12.345604Z TRACE ThreadId(07) wiki has syntax with [unknown] type
2025-12-18T18:48:12.345614Z TRACE ThreadId(07) wiki has syntax with [unknown] type
2025-12-18T18:48:12.346159Z TRACE ThreadId(14) wiki has syntax with [unknown] type
2025-12-18T18:48:12.346201Z TRACE ThreadId(14) wiki has syntax with [unknown] type
2025-12-18T18:48:12.347755Z TRACE ThreadId(05) wiki has syntax with [unknown] type
2025-12-18T18:48:12.348167Z TRACE ThreadId(11) sqf compiling /addons/chat_wheel_redux/Data/Functions/Utils/fn_getConfigNameFromTag.sqf
2025-12-18T18:48:12.348353Z TRACE ThreadId(12) sqf compiling /addons/chat_wheel_redux/Data/Functions/Chat/fn_sendLocalMessage.sqf
2025-12-18T18:48:12.348857Z TRACE ThreadId(03) sqf compiling /addons/chat_wheel_redux/Data/Functions/Chat/fn_openChatWheel.sqf
2025-12-18T18:48:12.348901Z TRACE ThreadId(09) wiki has syntax with [unknown] type
2025-12-18T18:48:12.348925Z TRACE ThreadId(09) wiki has syntax with [unknown] type
2025-12-18T18:48:12.348931Z TRACE ThreadId(09) wiki has syntax with [unknown] type
2025-12-18T18:48:12.348989Z TRACE ThreadId(09) wiki has syntax with [unknown] type
2025-12-18T18:48:12.348996Z TRACE ThreadId(09) wiki has syntax with [unknown] type
2025-12-18T18:48:12.349044Z TRACE ThreadId(09) wiki has syntax with [unknown] type
2025-12-18T18:48:12.349089Z TRACE ThreadId(09) wiki has syntax with [unknown] type
2025-12-18T18:48:12.349099Z TRACE ThreadId(09) wiki has syntax with [unknown] type
2025-12-18T18:48:12.349513Z TRACE ThreadId(06) wiki has syntax with [unknown] type
2025-12-18T18:48:12.349561Z TRACE ThreadId(06) wiki has syntax with [unknown] type
2025-12-18T18:48:12.349569Z TRACE ThreadId(06) wiki has syntax with [unknown] type
2025-12-18T18:48:12.349594Z TRACE ThreadId(06) wiki has syntax with [unknown] type
2025-12-18T18:48:12.349607Z TRACE ThreadId(06) wiki has syntax with [unknown] type
2025-12-18T18:48:12.349710Z TRACE ThreadId(06) wiki has syntax with [unknown] type
2025-12-18T18:48:12.349724Z TRACE ThreadId(06) wiki has syntax with [unknown] type
2025-12-18T18:48:12.349856Z TRACE ThreadId(06) wiki has syntax with [unknown] type
2025-12-18T18:48:12.349867Z TRACE ThreadId(06) wiki has syntax with [unknown] type
2025-12-18T18:48:12.349892Z TRACE ThreadId(08) sqf compiling /addons/main/functions/fnc_loopSay3D_init.sqf
2025-12-18T18:48:12.349902Z TRACE ThreadId(06) wiki has syntax with [unknown] type
2025-12-18T18:48:12.349940Z TRACE ThreadId(06) wiki has syntax with [unknown] type
2025-12-18T18:48:12.349959Z TRACE ThreadId(11) wiki has syntax with [unknown] type
2025-12-18T18:48:12.350011Z TRACE ThreadId(06) wiki has syntax with [unknown] type
2025-12-18T18:48:12.350035Z TRACE ThreadId(06) wiki has syntax with [unknown] type
2025-12-18T18:48:12.350020Z TRACE ThreadId(11) wiki has syntax with [unknown] type
2025-12-18T18:48:12.350118Z TRACE ThreadId(06) wiki has syntax with [unknown] type
2025-12-18T18:48:12.350134Z TRACE ThreadId(06) wiki has syntax with [unknown] type
2025-12-18T18:48:12.350138Z TRACE ThreadId(06) wiki has syntax with [unknown] type
2025-12-18T18:48:12.350191Z TRACE ThreadId(06) wiki has syntax with [unknown] type
2025-12-18T18:48:12.350254Z TRACE ThreadId(06) wiki has syntax with [unknown] type
2025-12-18T18:48:12.350287Z TRACE ThreadId(06) wiki has syntax with [unknown] type
2025-12-18T18:48:12.350295Z TRACE ThreadId(06) wiki has syntax with [unknown] type
2025-12-18T18:48:12.350316Z TRACE ThreadId(06) wiki has syntax with [unknown] type
2025-12-18T18:48:12.350322Z TRACE ThreadId(06) wiki has syntax with [unknown] type
2025-12-18T18:48:12.350459Z TRACE ThreadId(12) wiki has syntax with [unknown] type
2025-12-18T18:48:12.351192Z TRACE ThreadId(14) sqf compiling /addons/common/XEH_preInit.sqf
2025-12-18T18:48:12.351358Z TRACE ThreadId(07) sqf compiling /addons/main/functions/fnc_setEngineer.sqf
2025-12-18T18:48:12.351804Z TRACE ThreadId(04) sqf compiling /addons/main/XEH_postInitServer.sqf
2025-12-18T18:48:12.351881Z TRACE ThreadId(10) wiki has syntax with [unknown] type
2025-12-18T18:48:12.352049Z TRACE ThreadId(10) wiki has syntax with [unknown] type
2025-12-18T18:48:12.352102Z TRACE ThreadId(10) wiki has syntax with [unknown] type
2025-12-18T18:48:12.352138Z TRACE ThreadId(10) wiki has syntax with [unknown] type
2025-12-18T18:48:12.352205Z TRACE ThreadId(10) wiki has syntax with [unknown] type
2025-12-18T18:48:12.352249Z TRACE ThreadId(10) wiki has syntax with [unknown] type
2025-12-18T18:48:12.352288Z TRACE ThreadId(05) sqf compiling /addons/chat_wheel_redux/Data/Functions/Utils/fn_stringReplace.sqf
2025-12-18T18:48:12.352291Z TRACE ThreadId(10) wiki has syntax with [unknown] type
2025-12-18T18:48:12.352355Z TRACE ThreadId(10) wiki has syntax with [unknown] type
2025-12-18T18:48:12.352395Z TRACE ThreadId(10) wiki has syntax with [unknown] type
2025-12-18T18:48:12.352710Z TRACE ThreadId(10) wiki has syntax with [unknown] type
2025-12-18T18:48:12.352748Z TRACE ThreadId(10) wiki has syntax with [unknown] type
2025-12-18T18:48:12.352811Z TRACE ThreadId(10) wiki has syntax with [unknown] type
2025-12-18T18:48:12.352823Z TRACE ThreadId(10) wiki has syntax with [unknown] type
2025-12-18T18:48:12.352851Z TRACE ThreadId(10) wiki has syntax with [unknown] type
2025-12-18T18:48:12.352881Z TRACE ThreadId(10) wiki has syntax with [unknown] type
2025-12-18T18:48:12.352888Z TRACE ThreadId(10) wiki has syntax with [unknown] type
2025-12-18T18:48:12.352893Z TRACE ThreadId(10) wiki has syntax with [unknown] type
2025-12-18T18:48:12.352928Z TRACE ThreadId(10) wiki has syntax with [unknown] type
2025-12-18T18:48:12.353043Z TRACE ThreadId(03) sqf compiling /addons/main/functions/fnc_inFeatureCamera.sqf
2025-12-18T18:48:12.353096Z TRACE ThreadId(10) wiki has syntax with [unknown] type
2025-12-18T18:48:12.353115Z TRACE ThreadId(10) wiki has syntax with [unknown] type
2025-12-18T18:48:12.353096Z TRACE ThreadId(13) sqf compiling /addons/common/functions/fnc_empty.sqf
2025-12-18T18:48:12.353156Z TRACE ThreadId(10) wiki has syntax with [unknown] type
2025-12-18T18:48:12.353217Z TRACE ThreadId(10) wiki has syntax with [unknown] type
2025-12-18T18:48:12.353257Z TRACE ThreadId(11) sqf compiling /addons/objects/XEH_postInit.sqf
2025-12-18T18:48:12.353270Z TRACE ThreadId(10) wiki has syntax with [unknown] type
2025-12-18T18:48:12.353281Z TRACE ThreadId(10) wiki has syntax with [unknown] type
2025-12-18T18:48:12.353324Z TRACE ThreadId(10) wiki has syntax with [unknown] type
2025-12-18T18:48:12.353387Z TRACE ThreadId(10) wiki has syntax with [unknown] type
2025-12-18T18:48:12.353397Z TRACE ThreadId(10) wiki has syntax with [unknown] type
2025-12-18T18:48:12.353426Z TRACE ThreadId(10) wiki has syntax with [unknown] type
2025-12-18T18:48:12.353436Z TRACE ThreadId(10) wiki has syntax with [unknown] type
2025-12-18T18:48:12.353441Z TRACE ThreadId(10) wiki has syntax with [unknown] type
2025-12-18T18:48:12.353447Z TRACE ThreadId(10) wiki has syntax with [unknown] type
2025-12-18T18:48:12.353463Z TRACE ThreadId(10) wiki has syntax with [unknown] type
2025-12-18T18:48:12.353470Z TRACE ThreadId(10) wiki has syntax with [unknown] type
2025-12-18T18:48:12.355335Z TRACE ThreadId(12) sqf compiling /addons/chat_wheel_redux/Data/Functions/Chat/fn_configureMenus.sqf
2025-12-18T18:48:12.356032Z TRACE ThreadId(09) sqf compiling /addons/chat_wheel_redux/Data/Functions/EventHandlers/fn_throwGrenadeEHACE.sqf
2025-12-18T18:48:12.356443Z TRACE ThreadId(05) wiki has syntax with [unknown] type
2025-12-18T18:48:12.356494Z TRACE ThreadId(05) wiki has syntax with [unknown] type
2025-12-18T18:48:12.356502Z TRACE ThreadId(05) wiki has syntax with [unknown] type
2025-12-18T18:48:12.356512Z TRACE ThreadId(08) wiki has syntax with [unknown] type
2025-12-18T18:48:12.356534Z TRACE ThreadId(05) wiki has syntax with [unknown] type
2025-12-18T18:48:12.356576Z TRACE ThreadId(05) wiki has syntax with [unknown] type
2025-12-18T18:48:12.356586Z TRACE ThreadId(05) wiki has syntax with [unknown] type
2025-12-18T18:48:12.356601Z TRACE ThreadId(05) wiki has syntax with [unknown] type
2025-12-18T18:48:12.356617Z TRACE ThreadId(08) wiki has syntax with [unknown] type
2025-12-18T18:48:12.356639Z TRACE ThreadId(05) wiki has syntax with [unknown] type
2025-12-18T18:48:12.357926Z TRACE ThreadId(05) sqf compiling /addons/chat_wheel_redux/Data/Functions/Utils/fn_devLog.sqf
2025-12-18T18:48:12.358219Z TRACE ThreadId(06) sqf compiling /addons/main/functions/fnc_getNearbyUnits.sqf
2025-12-18T18:48:12.358308Z TRACE ThreadId(08) sqf compiling /addons/main/functions/fnc_rgbToHex.sqf
2025-12-18T18:48:12.359641Z TRACE ThreadId(09) sqf compiling /addons/chat_wheel_redux/Data/Functions/EventHandlers/fn_throwGrenadeEH.sqf
2025-12-18T18:48:12.359719Z TRACE ThreadId(10) sqf compiling /addons/main/functions/fnc_loopSay3D.sqf
2025-12-18T18:48:12.359884Z TRACE ThreadId(07) wiki has syntax with [unknown] type
2025-12-18T18:48:12.359908Z TRACE ThreadId(07) wiki has syntax with [unknown] type
2025-12-18T18:48:12.359918Z TRACE ThreadId(07) wiki has syntax with [unknown] type
2025-12-18T18:48:12.360526Z TRACE ThreadId(14) sqf compiling /addons/main/functions/fnc_isEngineer.sqf
2025-12-18T18:48:12.360753Z TRACE ThreadId(04) sqf compiling /addons/main/XEH_postInit.sqf
2025-12-18T18:48:12.360822Z TRACE ThreadId(07) sqf compiling /addons/objects/functions/fnc_registerFRKits.sqf
2025-12-18T18:48:12.361730Z TRACE ThreadId(05) wiki has syntax with [unknown] type
2025-12-18T18:48:12.362064Z TRACE ThreadId(09) wiki has syntax with [unknown] type
2025-12-18T18:48:12.362157Z TRACE ThreadId(09) wiki has syntax with [unknown] type
2025-12-18T18:48:12.362263Z TRACE ThreadId(05) sqf compiling /addons/main/functions/fnc_isMedic.sqf
2025-12-18T18:48:12.362270Z TRACE ThreadId(13) sqf compiling /addons/gears/XEH_preStart.sqf
2025-12-18T18:48:12.362407Z TRACE ThreadId(11) sqf compiling /addons/objects/functions/fnc_registerCEKits.sqf
2025-12-18T18:48:12.362543Z TRACE ThreadId(03) wiki has syntax with [unknown] type
2025-12-18T18:48:12.362559Z TRACE ThreadId(03) wiki has syntax with [unknown] type
2025-12-18T18:48:12.362570Z TRACE ThreadId(03) wiki has syntax with [unknown] type
2025-12-18T18:48:12.362576Z TRACE ThreadId(03) wiki has syntax with [unknown] type
2025-12-18T18:48:12.362578Z TRACE ThreadId(09) sqf compiling /addons/chat_wheel_redux/Data/Functions/EventHandlers/fn_throwGrenadeMain.sqf
2025-12-18T18:48:12.363285Z TRACE ThreadId(03) sqf compiling /addons/main/functions/fnc_tempPFH.sqf
2025-12-18T18:48:12.363979Z TRACE ThreadId(12) sqf compiling /addons/main/functions/fnc_getReplacementItem.sqf
2025-12-18T18:48:12.368698Z TRACE ThreadId(09) wiki has syntax with [unknown] type
2025-12-18T18:48:12.368766Z TRACE ThreadId(09) wiki has syntax with [unknown] type
2025-12-18T18:48:12.368811Z TRACE ThreadId(09) wiki has syntax with [unknown] type
2025-12-18T18:48:12.368840Z TRACE ThreadId(09) wiki has syntax with [unknown] type
2025-12-18T18:48:12.368847Z TRACE ThreadId(09) wiki has syntax with [unknown] type
2025-12-18T18:48:12.368858Z TRACE ThreadId(09) wiki has syntax with [unknown] type
2025-12-18T18:48:12.368881Z TRACE ThreadId(09) wiki has syntax with [unknown] type
2025-12-18T18:48:12.368888Z TRACE ThreadId(09) wiki has syntax with [unknown] type
2025-12-18T18:48:12.368893Z TRACE ThreadId(09) wiki has syntax with [unknown] type
2025-12-18T18:48:12.368900Z TRACE ThreadId(09) wiki has syntax with [unknown] type
2025-12-18T18:48:12.368956Z TRACE ThreadId(09) wiki has syntax with [unknown] type
2025-12-18T18:48:12.368967Z TRACE ThreadId(09) wiki has syntax with [unknown] type
2025-12-18T18:48:12.368986Z TRACE ThreadId(09) wiki has syntax with [unknown] type
2025-12-18T18:48:12.368994Z TRACE ThreadId(09) wiki has syntax with [unknown] type
2025-12-18T18:48:12.369000Z TRACE ThreadId(09) wiki has syntax with [unknown] type
2025-12-18T18:48:12.369006Z TRACE ThreadId(09) wiki has syntax with [unknown] type
2025-12-18T18:48:12.369335Z TRACE ThreadId(08) wiki has syntax with [unknown] type
2025-12-18T18:48:12.369362Z TRACE ThreadId(08) wiki has syntax with [unknown] type
2025-12-18T18:48:12.370216Z TRACE ThreadId(09) sqf compiling /addons/chat_wheel_redux/Data/Functions/Settings/fn_createTagMenu.sqf
2025-12-18T18:48:12.370727Z TRACE ThreadId(08) sqf compiling /addons/main/functions/fnc_playLocalSound.sqf
2025-12-18T18:48:12.373431Z TRACE ThreadId(14) wiki has syntax with [unknown] type
2025-12-18T18:48:12.373456Z TRACE ThreadId(14) wiki has syntax with [unknown] type
2025-12-18T18:48:12.373476Z TRACE ThreadId(14) wiki has syntax with [unknown] type
2025-12-18T18:48:12.373780Z TRACE ThreadId(05) wiki has syntax with [unknown] type
2025-12-18T18:48:12.373801Z TRACE ThreadId(05) wiki has syntax with [unknown] type
2025-12-18T18:48:12.373981Z TRACE ThreadId(04) sqf compiling /addons/main/XEH_postInitClient.sqf
2025-12-18T18:48:12.374989Z TRACE ThreadId(14) sqf compiling /addons/main/XEH_preInit.sqf
2025-12-18T18:48:12.375032Z TRACE ThreadId(05) sqf compiling /addons/weapons/XEH_postInit.sqf
2025-12-18T18:48:12.375210Z TRACE ThreadId(13) sqf compiling /addons/gears/XEH_postInit.sqf
2025-12-18T18:48:12.375954Z TRACE ThreadId(12) sqf compiling /addons/main/functions/fnc_tempDisableDamage.sqf
2025-12-18T18:48:12.376030Z TRACE ThreadId(03) wiki has syntax with [unknown] type
2025-12-18T18:48:12.376055Z TRACE ThreadId(03) wiki has syntax with [unknown] type
2025-12-18T18:48:12.376234Z TRACE ThreadId(06) wiki has syntax with [unknown] type
2025-12-18T18:48:12.376268Z TRACE ThreadId(06) wiki has syntax with [unknown] type
2025-12-18T18:48:12.376298Z TRACE ThreadId(06) wiki has syntax with [unknown] type
2025-12-18T18:48:12.376307Z TRACE ThreadId(06) wiki has syntax with [unknown] type
2025-12-18T18:48:12.376313Z TRACE ThreadId(06) wiki has syntax with [unknown] type
2025-12-18T18:48:12.376328Z TRACE ThreadId(06) wiki has syntax with [unknown] type
2025-12-18T18:48:12.376381Z TRACE ThreadId(06) wiki has syntax with [unknown] type
2025-12-18T18:48:12.376388Z TRACE ThreadId(06) wiki has syntax with [unknown] type
2025-12-18T18:48:12.376394Z TRACE ThreadId(06) wiki has syntax with [unknown] type
2025-12-18T18:48:12.376401Z TRACE ThreadId(06) wiki has syntax with [unknown] type
2025-12-18T18:48:12.378305Z TRACE ThreadId(03) sqf compiling /addons/main/functions/fnc_stringReplace.sqf
2025-12-18T18:48:12.378320Z TRACE ThreadId(06) sqf compiling /addons/main/XEH_preStart.sqf
2025-12-18T18:48:12.379483Z TRACE ThreadId(07) sqf compiling /addons/weapons/XEH_preInit.sqf
2025-12-18T18:48:12.379666Z TRACE ThreadId(09) wiki has syntax with [unknown] type
2025-12-18T18:48:12.379755Z TRACE ThreadId(09) wiki has syntax with [unknown] type
2025-12-18T18:48:12.379766Z TRACE ThreadId(09) wiki has syntax with [unknown] type
2025-12-18T18:48:12.379952Z TRACE ThreadId(09) wiki has syntax with [unknown] type
2025-12-18T18:48:12.379964Z TRACE ThreadId(09) wiki has syntax with [unknown] type
2025-12-18T18:48:12.380022Z TRACE ThreadId(09) wiki has syntax with [unknown] type
2025-12-18T18:48:12.380031Z TRACE ThreadId(09) wiki has syntax with [unknown] type
2025-12-18T18:48:12.380066Z TRACE ThreadId(09) wiki has syntax with [unknown] type
2025-12-18T18:48:12.380081Z TRACE ThreadId(09) wiki has syntax with [unknown] type
2025-12-18T18:48:12.380157Z TRACE ThreadId(09) wiki has syntax with [unknown] type
2025-12-18T18:48:12.380166Z TRACE ThreadId(09) wiki has syntax with [unknown] type
2025-12-18T18:48:12.380215Z TRACE ThreadId(09) wiki has syntax with [unknown] type
2025-12-18T18:48:12.380226Z TRACE ThreadId(09) wiki has syntax with [unknown] type
2025-12-18T18:48:12.380786Z TRACE ThreadId(10) wiki has syntax with [unknown] type
2025-12-18T18:48:12.384250Z TRACE ThreadId(08) wiki has syntax with [unknown] type
2025-12-18T18:48:12.384293Z TRACE ThreadId(08) wiki has syntax with [unknown] type
2025-12-18T18:48:12.384333Z TRACE ThreadId(08) wiki has syntax with [unknown] type
2025-12-18T18:48:12.384377Z TRACE ThreadId(08) wiki has syntax with [unknown] type
2025-12-18T18:48:12.384400Z TRACE ThreadId(10) sqf compiling /addons/main/functions/fnc_isVehicleCrew.sqf
2025-12-18T18:48:12.387433Z TRACE ThreadId(08) sqf compiling /addons/chat_wheel_redux/Data/Functions/Settings/fn_configureAddonOptions.sqf
2025-12-18T18:48:12.388465Z TRACE ThreadId(07) sqf compiling /addons/objects/functions/fnc_InitFR.sqf
2025-12-18T18:48:12.390129Z TRACE ThreadId(09) sqf compiling /addons/objects/XEH_preStart.sqf
2025-12-18T18:48:12.390284Z TRACE ThreadId(12) wiki has syntax with [unknown] type
2025-12-18T18:48:12.390369Z TRACE ThreadId(12) wiki has syntax with [unknown] type
2025-12-18T18:48:12.390563Z TRACE ThreadId(07) sqf compiling /addons/objects/functions/fnc_InitCE.sqf
2025-12-18T18:48:12.391759Z TRACE ThreadId(04) wiki has syntax with [unknown] type
2025-12-18T18:48:12.391800Z TRACE ThreadId(04) wiki has syntax with [unknown] type
2025-12-18T18:48:12.391815Z TRACE ThreadId(04) wiki has syntax with [unknown] type
2025-12-18T18:48:12.391866Z TRACE ThreadId(04) wiki has syntax with [unknown] type
2025-12-18T18:48:12.391980Z TRACE ThreadId(04) wiki has syntax with [unknown] type
2025-12-18T18:48:12.391990Z TRACE ThreadId(04) wiki has syntax with [unknown] type
2025-12-18T18:48:12.391995Z TRACE ThreadId(04) wiki has syntax with [unknown] type
2025-12-18T18:48:12.392000Z TRACE ThreadId(04) wiki has syntax with [unknown] type
2025-12-18T18:48:12.392023Z TRACE ThreadId(04) wiki has syntax with [unknown] type
2025-12-18T18:48:12.392030Z TRACE ThreadId(04) wiki has syntax with [unknown] type
2025-12-18T18:48:12.392060Z TRACE ThreadId(04) wiki has syntax with [unknown] type
2025-12-18T18:48:12.392066Z TRACE ThreadId(04) wiki has syntax with [unknown] type
2025-12-18T18:48:12.392071Z TRACE ThreadId(04) wiki has syntax with [unknown] type
2025-12-18T18:48:12.392075Z TRACE ThreadId(04) wiki has syntax with [unknown] type
2025-12-18T18:48:12.392104Z TRACE ThreadId(04) wiki has syntax with [unknown] type
2025-12-18T18:48:12.392135Z TRACE ThreadId(04) wiki has syntax with [unknown] type
2025-12-18T18:48:12.392157Z TRACE ThreadId(04) wiki has syntax with [unknown] type
2025-12-18T18:48:12.392173Z TRACE ThreadId(10) wiki has syntax with [unknown] type
2025-12-18T18:48:12.392195Z TRACE ThreadId(04) wiki has syntax with [unknown] type
2025-12-18T18:48:12.392205Z TRACE ThreadId(04) wiki has syntax with [unknown] type
2025-12-18T18:48:12.392216Z TRACE ThreadId(04) wiki has syntax with [unknown] type
2025-12-18T18:48:12.392221Z TRACE ThreadId(04) wiki has syntax with [unknown] type
2025-12-18T18:48:12.392227Z TRACE ThreadId(10) wiki has syntax with [unknown] type
2025-12-18T18:48:12.392242Z TRACE ThreadId(10) wiki has syntax with [unknown] type
2025-12-18T18:48:12.392256Z TRACE ThreadId(12) sqf compiling /addons/weapons/XEH_preStart.sqf
2025-12-18T18:48:12.392274Z TRACE ThreadId(10) wiki has syntax with [unknown] type
2025-12-18T18:48:12.392314Z TRACE ThreadId(05) sqf compiling /addons/chat_wheel_redux/Data/Functions/Settings/fn_configureAddonKeybinds.sqf
2025-12-18T18:48:12.392446Z TRACE ThreadId(04) wiki has syntax with [unknown] type
2025-12-18T18:48:12.392460Z TRACE ThreadId(04) wiki has syntax with [unknown] type
2025-12-18T18:48:12.392604Z TRACE ThreadId(07) sqf compiling /addons/objects/XEH_preInit.sqf
2025-12-18T18:48:12.399361Z TRACE ThreadId(03) wiki has syntax with [unknown] type
2025-12-18T18:48:12.399422Z TRACE ThreadId(03) wiki has syntax with [unknown] type
2025-12-18T18:48:12.399436Z TRACE ThreadId(03) wiki has syntax with [unknown] type
2025-12-18T18:48:12.399476Z TRACE ThreadId(03) wiki has syntax with [unknown] type
2025-12-18T18:48:12.399711Z TRACE ThreadId(03) wiki has syntax with [unknown] type
2025-12-18T18:48:12.399770Z TRACE ThreadId(03) wiki has syntax with [unknown] type
2025-12-18T18:48:12.399844Z TRACE ThreadId(03) wiki has syntax with [unknown] type
2025-12-18T18:48:12.399894Z TRACE ThreadId(03) wiki has syntax with [unknown] type
2025-12-18T18:48:12.406618Z TRACE ThreadId(08) wiki has syntax with [unknown] type
2025-12-18T18:48:12.406651Z TRACE ThreadId(08) wiki has syntax with [unknown] type
2025-12-18T18:48:12.406664Z TRACE ThreadId(08) wiki has syntax with [unknown] type
2025-12-18T18:48:12.406670Z TRACE ThreadId(08) wiki has syntax with [unknown] type
2025-12-18T18:48:12.406674Z TRACE ThreadId(08) wiki has syntax with [unknown] type
2025-12-18T18:48:12.406691Z TRACE ThreadId(08) wiki has syntax with [unknown] type
2025-12-18T18:48:12.406704Z TRACE ThreadId(08) wiki has syntax with [unknown] type
2025-12-18T18:48:12.406711Z TRACE ThreadId(08) wiki has syntax with [unknown] type
2025-12-18T18:48:12.406911Z TRACE ThreadId(08) wiki has syntax with [unknown] type
2025-12-18T18:48:12.407076Z TRACE ThreadId(08) wiki has syntax with [unknown] type
2025-12-18T18:48:12.407086Z TRACE ThreadId(08) wiki has syntax with [unknown] type
2025-12-18T18:48:12.421340Z TRACE ThreadId(05) wiki has syntax with [unknown] type
2025-12-18T18:48:12.421366Z TRACE ThreadId(05) wiki has syntax with [unknown] type
2025-12-18T18:48:12.421376Z TRACE ThreadId(05) wiki has syntax with [unknown] type
2025-12-18T18:48:12.421401Z TRACE ThreadId(05) wiki has syntax with [unknown] type
2025-12-18T18:48:12.421405Z TRACE ThreadId(05) wiki has syntax with [unknown] type
2025-12-18T18:48:12.421412Z TRACE ThreadId(05) wiki has syntax with [unknown] type
2025-12-18T18:48:12.421435Z TRACE ThreadId(05) wiki has syntax with [unknown] type
2025-12-18T18:48:12.421439Z TRACE ThreadId(05) wiki has syntax with [unknown] type
2025-12-18T18:48:12.421446Z TRACE ThreadId(05) wiki has syntax with [unknown] type
2025-12-18T18:48:12.421468Z TRACE ThreadId(05) wiki has syntax with [unknown] type
2025-12-18T18:48:12.421472Z TRACE ThreadId(05) wiki has syntax with [unknown] type
2025-12-18T18:48:12.421478Z TRACE ThreadId(05) wiki has syntax with [unknown] type
2025-12-18T18:48:12.421499Z TRACE ThreadId(05) wiki has syntax with [unknown] type
2025-12-18T18:48:12.421503Z TRACE ThreadId(05) wiki has syntax with [unknown] type
2025-12-18T18:48:12.421565Z TRACE ThreadId(05) wiki has syntax with [unknown] type
2025-12-18T18:48:12.421597Z TRACE ThreadId(05) wiki has syntax with [unknown] type
2025-12-18T18:48:12.421602Z TRACE ThreadId(05) wiki has syntax with [unknown] type
2025-12-18T18:48:12.421609Z TRACE ThreadId(05) wiki has syntax with [unknown] type
2025-12-18T18:48:12.421638Z TRACE ThreadId(05) wiki has syntax with [unknown] type
2025-12-18T18:48:12.421642Z TRACE ThreadId(05) wiki has syntax with [unknown] type
2025-12-18T18:48:12.421649Z TRACE ThreadId(05) wiki has syntax with [unknown] type
2025-12-18T18:48:12.421670Z TRACE ThreadId(05) wiki has syntax with [unknown] type
2025-12-18T18:48:12.421674Z TRACE ThreadId(05) wiki has syntax with [unknown] type
2025-12-18T18:48:12.421681Z TRACE ThreadId(05) wiki has syntax with [unknown] type
2025-12-18T18:48:12.421701Z TRACE ThreadId(05) wiki has syntax with [unknown] type
2025-12-18T18:48:12.421705Z TRACE ThreadId(05) wiki has syntax with [unknown] type
2025-12-18T18:48:12.421712Z TRACE ThreadId(05) wiki has syntax with [unknown] type
2025-12-18T18:48:12.439107Z TRACE ThreadId(13) wiki has syntax with [unknown] type
2025-12-18T18:48:12.439400Z TRACE ThreadId(13) wiki has syntax with [unknown] type
2025-12-18T18:48:12.439407Z TRACE ThreadId(13) wiki has syntax with [unknown] type
2025-12-18T18:48:12.439419Z TRACE ThreadId(13) wiki has syntax with [unknown] type
2025-12-18T18:48:12.439430Z TRACE ThreadId(13) wiki has syntax with [unknown] type
2025-12-18T18:48:12.439434Z TRACE ThreadId(13) wiki has syntax with [unknown] type
2025-12-18T18:48:12.439441Z TRACE ThreadId(13) wiki has syntax with [unknown] type
2025-12-18T18:48:12.439449Z TRACE ThreadId(13) wiki has syntax with [unknown] type
2025-12-18T18:48:12.439452Z TRACE ThreadId(13) wiki has syntax with [unknown] type
2025-12-18T18:48:12.439459Z TRACE ThreadId(13) wiki has syntax with [unknown] type
2025-12-18T18:48:12.439467Z TRACE ThreadId(13) wiki has syntax with [unknown] type
2025-12-18T18:48:12.439470Z TRACE ThreadId(13) wiki has syntax with [unknown] type
2025-12-18T18:48:12.439477Z TRACE ThreadId(13) wiki has syntax with [unknown] type
2025-12-18T18:48:12.439484Z TRACE ThreadId(13) wiki has syntax with [unknown] type
2025-12-18T18:48:12.439488Z TRACE ThreadId(13) wiki has syntax with [unknown] type
2025-12-18T18:48:12.439495Z TRACE ThreadId(13) wiki has syntax with [unknown] type
2025-12-18T18:48:12.439502Z TRACE ThreadId(13) wiki has syntax with [unknown] type
2025-12-18T18:48:12.439506Z TRACE ThreadId(13) wiki has syntax with [unknown] type
2025-12-18T18:48:12.439512Z TRACE ThreadId(13) wiki has syntax with [unknown] type
2025-12-18T18:48:12.439519Z TRACE ThreadId(13) wiki has syntax with [unknown] type
2025-12-18T18:48:12.439523Z TRACE ThreadId(13) wiki has syntax with [unknown] type
2025-12-18T18:48:12.439529Z TRACE ThreadId(13) wiki has syntax with [unknown] type
2025-12-18T18:48:12.439734Z TRACE ThreadId(13) wiki has syntax with [unknown] type
2025-12-18T18:48:12.439769Z TRACE ThreadId(13) wiki has syntax with [unknown] type
2025-12-18T18:48:12.439775Z TRACE ThreadId(13) wiki has syntax with [unknown] type
2025-12-18T18:48:12.439798Z TRACE ThreadId(13) wiki has syntax with [unknown] type
2025-12-18T18:48:12.439816Z TRACE ThreadId(13) wiki has syntax with [unknown] type
2025-12-18T18:48:12.439849Z TRACE ThreadId(13) wiki has syntax with [unknown] type
2025-12-18T18:48:12.439853Z TRACE ThreadId(13) wiki has syntax with [unknown] type
2025-12-18T18:48:12.439868Z TRACE ThreadId(13) wiki has syntax with [unknown] type
2025-12-18T18:48:12.439872Z TRACE ThreadId(13) wiki has syntax with [unknown] type
2025-12-18T18:48:12.439882Z TRACE ThreadId(13) wiki has syntax with [unknown] type
2025-12-18T18:48:12.439886Z TRACE ThreadId(13) wiki has syntax with [unknown] type
2025-12-18T18:48:12.439898Z TRACE ThreadId(13) wiki has syntax with [unknown] type
2025-12-18T18:48:12.439910Z TRACE ThreadId(13) wiki has syntax with [unknown] type
2025-12-18T18:48:12.439959Z TRACE ThreadId(13) wiki has syntax with [unknown] type
2025-12-18T18:48:12.439983Z TRACE ThreadId(13) wiki has syntax with [unknown] type
2025-12-18T18:48:12.439993Z TRACE ThreadId(13) wiki has syntax with [unknown] type
2025-12-18T18:48:12.440000Z TRACE ThreadId(13) wiki has syntax with [unknown] type
2025-12-18T18:48:12.440005Z TRACE ThreadId(13) wiki has syntax with [unknown] type
2025-12-18T18:48:12.440012Z TRACE ThreadId(13) wiki has syntax with [unknown] type
2025-12-18T18:48:12.440018Z TRACE ThreadId(13) wiki has syntax with [unknown] type
2025-12-18T18:48:12.440024Z TRACE ThreadId(13) wiki has syntax with [unknown] type
2025-12-18T18:48:12.440030Z TRACE ThreadId(13) wiki has syntax with [unknown] type
2025-12-18T18:48:12.440053Z TRACE ThreadId(13) wiki has syntax with [unknown] type
2025-12-18T18:48:12.440078Z TRACE ThreadId(13) wiki has syntax with [unknown] type
2025-12-18T18:48:12.440121Z TRACE ThreadId(13) wiki has syntax with [unknown] type
2025-12-18T18:48:12.440129Z TRACE ThreadId(13) wiki has syntax with [unknown] type
2025-12-18T18:48:12.440155Z TRACE ThreadId(13) wiki has syntax with [unknown] type
2025-12-18T18:48:12.440162Z TRACE ThreadId(13) wiki has syntax with [unknown] type
2025-12-18T18:48:12.440613Z TRACE ThreadId(13) wiki has syntax with [unknown] type
2025-12-18T18:48:12.440624Z TRACE ThreadId(13) wiki has syntax with [unknown] type
2025-12-18T18:48:12.440652Z TRACE ThreadId(13) wiki has syntax with [unknown] type
2025-12-18T18:48:12.440659Z TRACE ThreadId(13) wiki has syntax with [unknown] type
2025-12-18T18:48:12.476815Z  INFO ThreadId(01) Compiled 63 sqf files
2025-12-18T18:48:12.477112Z TRACE ThreadId(01) phase: pre_build (SQF) (done)
2025-12-18T18:48:12.477122Z TRACE ThreadId(01) phase: pre_build (Stringtables) (start)
2025-12-18T18:48:12.527469Z  INFO ThreadId(01) Checked 0 stringtables
2025-12-18T18:48:12.527505Z TRACE ThreadId(01) phase: pre_build (Stringtables) (done)
2025-12-18T18:48:12.527511Z TRACE ThreadId(01) phase: build (start)
2025-12-18T18:48:12.527706Z TRACE ThreadId(01) checking for version macro in VfsPath { path: "/addons/main/script_version.hpp", fs: VFS { fs: OverlayFS { layers: [VfsPath { path: "", fs: VFS { fs: In Memory File System } }, VfsPath { path: "", fs: VFS { fs: AltrootFS { root: VfsPath { path: "", fs: VFS { fs: PhysicalFS { root: "F:\\EBH Dev Works\\EBH-Aux-Mod\\include" } } } } } }, VfsPath { path: "", fs: VFS { fs: AltrootFS { root: VfsPath { path: "", fs: VFS { fs: PhysicalFS { root: "C:\\Users\\corra\\AppData\\Local\\Temp\\hemtt\\EBH Dev Works_EBH-Aux-Mod\\hemtt_binarize_output" } } } } } }, VfsPath { path: "", fs: VFS { fs: AltrootFS { root: VfsPath { path: "", fs: VFS { fs: PhysicalFS { root: "F:\\EBH Dev Works\\EBH-Aux-Mod" } } } } } }] } } }
2025-12-18T18:48:12.533734Z DEBUG ThreadId(01) "F:\\EBH Dev Works\\EBH-Aux-Mod\\.hemttout\\dev\\addons" already exists
2025-12-18T18:48:12.533759Z DEBUG ThreadId(01) building "addons/armor" => "F:\\EBH Dev Works\\EBH-Aux-Mod\\.hemttout\\dev\\addons\\EHB_armor.pbo"
2025-12-18T18:48:12.545057Z TRACE ThreadId(01) adding file "CfgEventHandlers.hpp"
2025-12-18T18:48:12.545169Z TRACE ThreadId(01) adding file "config.bin"
2025-12-18T18:48:12.545342Z TRACE ThreadId(01) adding file "script_component.hpp"
2025-12-18T18:48:12.545452Z TRACE ThreadId(01) adding file "texHeaders.bin"
2025-12-18T18:48:12.545544Z TRACE ThreadId(01) adding file "CfgIdentities.hpp"
2025-12-18T18:48:12.545630Z TRACE ThreadId(01) adding file "XEH_preStart.sqfc"
2025-12-18T18:48:12.546021Z TRACE ThreadId(01) adding file "CfgEditorSubcategories.hpp"
2025-12-18T18:48:12.546183Z TRACE ThreadId(01) adding file "XEH_preStart.sqf"
2025-12-18T18:48:12.546338Z TRACE ThreadId(01) adding file "script_macros.hpp"
2025-12-18T18:48:12.546496Z TRACE ThreadId(01) adding file "CfgVehicles.hpp"
2025-12-18T18:48:12.546652Z TRACE ThreadId(01) adding file "CfgWeapons.hpp"
2025-12-18T18:48:12.547087Z TRACE ThreadId(01) adding file "XEH_preInit.sqf"
2025-12-18T18:48:12.547170Z TRACE ThreadId(01) adding file "XEH_preInit.sqfc"
2025-12-18T18:48:12.547263Z TRACE ThreadId(01) adding file "CfgFactionClasses.hpp"
2025-12-18T18:48:12.547457Z TRACE ThreadId(01) adding file "configs\\Backpacks.hpp"
2025-12-18T18:48:12.547647Z TRACE ThreadId(01) adding file "configs\\Units.hpp"
2025-12-18T18:48:12.547850Z TRACE ThreadId(01) adding file "configs\\Helmets.hpp"
2025-12-18T18:48:12.548012Z TRACE ThreadId(01) adding file "configs\\Vests.hpp"
2025-12-18T18:48:12.548182Z TRACE ThreadId(01) adding file "configs\\Uniforms.hpp"
2025-12-18T18:48:12.549240Z TRACE ThreadId(01) adding file "data\\vests\\ce\\standard\\Medic_Armour_co.paa"
2025-12-18T18:48:12.549497Z TRACE ThreadId(01) adding file "data\\vests\\ce\\standard\\SL_Armour_co.paa"
2025-12-18T18:48:12.549737Z TRACE ThreadId(01) adding file "data\\vests\\ce\\standard\\Armour_co.paa"
2025-12-18T18:48:12.549976Z TRACE ThreadId(01) adding file "data\\vests\\ce\\standard\\PL_Armour_co.paa"
2025-12-18T18:48:12.550218Z TRACE ThreadId(01) adding file "data\\vests\\ce\\standard\\Force_Recon_Armour_co.paa"
2025-12-18T18:48:12.550443Z TRACE ThreadId(01) adding file "data\\vests\\ce\\custom\\Davy_FR_Armor_co.paa"
2025-12-18T18:48:12.550655Z TRACE ThreadId(01) adding file "data\\vests\\ce\\custom\\Drake_Armor_co.paa"
2025-12-18T18:48:12.550860Z TRACE ThreadId(01) adding file "data\\vests\\ce\\custom\\Hoffman_Armor_co.paa"
2025-12-18T18:48:12.551026Z TRACE ThreadId(01) adding file "data\\vests\\ce\\custom\\Kain_Armor_co.paa"
2025-12-18T18:48:12.551190Z TRACE ThreadId(01) adding file "data\\vests\\ce\\custom\\Anvil_Armor_co.paa"
2025-12-18T18:48:12.551371Z TRACE ThreadId(01) adding file "data\\vests\\ce\\custom\\Dexus_Armor_co.paa"
2025-12-18T18:48:12.551551Z TRACE ThreadId(01) adding file "data\\vests\\blackops\\BlackOps_Pouches_co.paa"
2025-12-18T18:48:12.551717Z TRACE ThreadId(01) adding file "data\\vests\\blackops\\BlackOps_Armour1st_co.paa"
2025-12-18T18:48:12.551910Z TRACE ThreadId(01) adding file "data\\vests\\blackops\\BlackOps_ArmourP_co.paa"
2025-12-18T18:48:12.552074Z TRACE ThreadId(01) adding file "data\\vests\\blackops\\BlackOps_ArmourAddon_co.paa"
2025-12-18T18:48:12.552239Z TRACE ThreadId(01) adding file "data\\fieldcap\\505th_CECap_co.paa"
2025-12-18T18:48:12.552535Z TRACE ThreadId(01) adding file "data\\backpacks\\505th_PouchesGrey_co.paa"
2025-12-18T18:48:12.552698Z TRACE ThreadId(01) adding file "data\\backpacks\\505th_Pouches_co.paa"
2025-12-18T18:48:12.552861Z TRACE ThreadId(01) adding file "data\\backpacks\\FR_Backpack_co.paa"
2025-12-18T18:48:12.553024Z TRACE ThreadId(01) adding file "data\\backpacks\\FR_Pouches_CO.paa"
2025-12-18T18:48:12.553190Z TRACE ThreadId(01) adding file "data\\backpacks\\505th_Backpack_co.paa"
2025-12-18T18:48:12.553404Z TRACE ThreadId(01) adding file "data\\backpacks\\505th_BackpackGrey_co.paa"
2025-12-18T18:48:12.554227Z TRACE ThreadId(01) adding file "data\\uniforms\\ce\\custom\\Anvil_UniformT_co.paa"
2025-12-18T18:48:12.554416Z TRACE ThreadId(01) adding file "data\\uniforms\\ce\\custom\\Drake_UniformP_co.paa"
2025-12-18T18:48:12.554584Z TRACE ThreadId(01) adding file "data\\uniforms\\ce\\custom\\Anvil_UniformP_co.paa"
2025-12-18T18:48:12.554798Z TRACE ThreadId(01) adding file "data\\uniforms\\ce\\custom\\Dexus_UniformP_co.paa"
2025-12-18T18:48:12.555044Z TRACE ThreadId(01) adding file "data\\uniforms\\ce\\custom\\Anvil_Uniform_RolledT_co.paa"
2025-12-18T18:48:12.555227Z TRACE ThreadId(01) adding file "data\\uniforms\\ce\\marine\\Marine_UniformP_co.paa"
2025-12-18T18:48:12.555391Z TRACE ThreadId(01) adding file "data\\uniforms\\ce\\pl\\PL_UniformP_co.paa"
2025-12-18T18:48:12.555569Z TRACE ThreadId(01) adding file "data\\uniforms\\ce\\forcerecon\\Force_Recon_UniformT_CO.paa"
2025-12-18T18:48:12.555756Z TRACE ThreadId(01) adding file "data\\uniforms\\ce\\forcerecon\\Force_Recon_UniformP_CO.paa"
2025-12-18T18:48:12.555926Z TRACE ThreadId(01) adding file "data\\uniforms\\ce\\forcerecon\\Force_Recon_Uniform_RolledT_CO.paa"
2025-12-18T18:48:12.556098Z TRACE ThreadId(01) adding file "data\\uniforms\\ce\\medic\\Medic_UniformP_co.paa"
2025-12-18T18:48:12.556265Z TRACE ThreadId(01) adding file "data\\uniforms\\ce\\sl\\SL_UniformP_co.paa"
2025-12-18T18:48:12.556444Z TRACE ThreadId(01) adding file "data\\uniforms\\blackops\\BlackOps_Uni_pants_co.paa"
2025-12-18T18:48:12.556616Z TRACE ThreadId(01) adding file "data\\uniforms\\blackops\\BlackOps_Uni_top_co.paa"
2025-12-18T18:48:12.557006Z TRACE ThreadId(01) adding file "data\\helmets\\pilot\\Malarkey_Helmet_co.paa"
2025-12-18T18:48:12.557172Z TRACE ThreadId(01) adding file "data\\helmets\\pilot\\Tuna_Helmet_co.paa"
2025-12-18T18:48:12.557355Z TRACE ThreadId(01) adding file "data\\helmets\\ce\\Anvil_Helmet_co.paa"
2025-12-18T18:48:12.557528Z TRACE ThreadId(01) adding file "data\\helmets\\ce\\Dexus_Helmet_co.paa"
2025-12-18T18:48:12.557691Z TRACE ThreadId(01) adding file "data\\helmets\\ce\\Helmet_co.paa"
2025-12-18T18:48:12.557973Z TRACE ThreadId(01) adding file "data\\helmets\\ce\\Medic_Helmet_co.paa"
2025-12-18T18:48:12.558153Z TRACE ThreadId(01) adding file "data\\helmets\\ce\\Force_Recon_Helmet_CO.paa"
2025-12-18T18:48:12.558332Z TRACE ThreadId(01) adding file "data\\helmets\\ce\\PL_Helmet_co.paa"
2025-12-18T18:48:12.558499Z TRACE ThreadId(01) adding file "data\\helmets\\ce\\SL_Helmet_co.paa"
2025-12-18T18:48:12.558667Z TRACE ThreadId(01) adding file "data\\helmets\\blackops\\BlackOps_hud_co.paa"
2025-12-18T18:48:12.558834Z TRACE ThreadId(01) adding file "data\\helmets\\blackops\\BlackOps_plate_co.paa"
2025-12-18T18:48:12.559002Z TRACE ThreadId(01) adding file "data\\helmets\\blackops\\BlackOps_helm_co.paa"
2025-12-18T18:48:12.603858Z DEBUG ThreadId(01) "F:\\EBH Dev Works\\EBH-Aux-Mod\\.hemttout\\dev\\addons" already exists
2025-12-18T18:48:12.603879Z DEBUG ThreadId(01) building "addons/brandings" => "F:\\EBH Dev Works\\EBH-Aux-Mod\\.hemttout\\dev\\addons\\EHB_brandings.pbo"
2025-12-18T18:48:12.604707Z TRACE ThreadId(01) adding file "texHeaders.bin"
2025-12-18T18:48:12.604725Z TRACE ThreadId(01) adding file "config.bin"
2025-12-18T18:48:12.605221Z TRACE ThreadId(01) adding file "textures\\505th_Loading_menu.paa"
2025-12-18T18:48:12.605390Z TRACE ThreadId(01) adding file "textures\\505th_mainmenu.paa"
2025-12-18T18:48:12.605621Z TRACE ThreadId(01) adding file "textures\\505th_logo.paa"
2025-12-18T18:48:12.608887Z DEBUG ThreadId(01) "F:\\EBH Dev Works\\EBH-Aux-Mod\\.hemttout\\dev\\addons" already exists
2025-12-18T18:48:12.608910Z DEBUG ThreadId(01) building "addons/chat_wheel_redux" => "F:\\EBH Dev Works\\EBH-Aux-Mod\\.hemttout\\dev\\addons\\EHB_chat_wheel_redux.pbo"
2025-12-18T18:48:12.618604Z TRACE ThreadId(01) adding file "README.md"
2025-12-18T18:48:12.618843Z TRACE ThreadId(01) adding file "XEH_postInitClient.sqf"
2025-12-18T18:48:12.619061Z TRACE ThreadId(01) adding file "CfgHints.hpp"
2025-12-18T18:48:12.619314Z TRACE ThreadId(01) adding file "LICENSE.md"
2025-12-18T18:48:12.619430Z TRACE ThreadId(01) adding file "config.bin"
2025-12-18T18:48:12.619546Z TRACE ThreadId(01) adding file "CWR_VoiceLines.hpp"
2025-12-18T18:48:12.620048Z TRACE ThreadId(01) adding file "XEH_postInitClient.sqfc"
2025-12-18T18:48:12.620926Z TRACE ThreadId(01) adding file "Data\\Audio\\en_GB\\NeedMedic\\UK_NeedMedic.ogg"
2025-12-18T18:48:12.621146Z TRACE ThreadId(01) adding file "Data\\Audio\\en_GB\\NeedMedic\\UK_ImHit.ogg"
2025-12-18T18:48:12.621376Z TRACE ThreadId(01) adding file "Data\\Audio\\en_GB\\NeedMedic\\UK_ImWounded.ogg"
2025-12-18T18:48:12.621618Z TRACE ThreadId(01) adding file "Data\\Audio\\en_GB\\NeedMedic\\UK_ImWoundedMedic.ogg"
2025-12-18T18:48:12.621850Z TRACE ThreadId(01) adding file "Data\\Audio\\en_GB\\NeedMedic\\UK_ImHitMedic.ogg"
2025-12-18T18:48:12.622498Z TRACE ThreadId(01) adding file "Data\\Audio\\en_US\\NeedMedic\\AM_ImWounded.ogg"
2025-12-18T18:48:12.622723Z TRACE ThreadId(01) adding file "Data\\Audio\\en_US\\NeedMedic\\AM_ImHurtBad.ogg"
2025-12-18T18:48:12.622937Z TRACE ThreadId(01) adding file "Data\\Audio\\en_US\\NeedMedic\\AM_HitMedic.ogg"
2025-12-18T18:48:12.623187Z TRACE ThreadId(01) adding file "Data\\Audio\\en_US\\NeedMedic\\AM_NeedMedic.ogg"
2025-12-18T18:48:12.623403Z TRACE ThreadId(01) adding file "Data\\Audio\\en_US\\NeedMedic\\AM_ImHit.ogg"
2025-12-18T18:48:12.623628Z TRACE ThreadId(01) adding file "Data\\Functions\\EventHandlers\\fn_throwGrenadeEHACE.sqf"
2025-12-18T18:48:12.623883Z TRACE ThreadId(01) adding file "Data\\Functions\\EventHandlers\\fn_unconsciousEH.sqf"
2025-12-18T18:48:12.624008Z TRACE ThreadId(01) adding file "Data\\Functions\\EventHandlers\\fn_throwGrenadeEH.sqfc"
2025-12-18T18:48:12.624025Z TRACE ThreadId(01) adding file "Data\\Functions\\EventHandlers\\fn_throwGrenadeMain.sqfc"
2025-12-18T18:48:12.624039Z TRACE ThreadId(01) adding file "Data\\Functions\\EventHandlers\\fn_unconsciousEH.sqfc"
2025-12-18T18:48:12.624156Z TRACE ThreadId(01) adding file "Data\\Functions\\EventHandlers\\fn_throwGrenadeEH.sqf"
2025-12-18T18:48:12.624413Z TRACE ThreadId(01) adding file "Data\\Functions\\EventHandlers\\fn_throwGrenadeEHACE.sqfc"
2025-12-18T18:48:12.624534Z TRACE ThreadId(01) adding file "Data\\Functions\\EventHandlers\\fn_throwGrenadeMain.sqf"
2025-12-18T18:48:12.624710Z TRACE ThreadId(01) adding file "Data\\Functions\\Sounds\\fn_playLocalSound.sqf"
2025-12-18T18:48:12.624802Z TRACE ThreadId(01) adding file "Data\\Functions\\Sounds\\fn_playLocalSound.sqfc"
2025-12-18T18:48:12.624897Z TRACE ThreadId(01) adding file "Data\\Functions\\Utils\\fn_devLog.sqf"
2025-12-18T18:48:12.624987Z TRACE ThreadId(01) adding file "Data\\Functions\\Utils\\fn_createCasualtyPing.sqfc"
2025-12-18T18:48:12.625084Z TRACE ThreadId(01) adding file "Data\\Functions\\Utils\\fn_stringReplace.sqf"
2025-12-18T18:48:12.625173Z TRACE ThreadId(01) adding file "Data\\Functions\\Utils\\fn_removeQuotes.sqfc"
2025-12-18T18:48:12.625186Z TRACE ThreadId(01) adding file "Data\\Functions\\Utils\\fn_devLog.sqfc"
2025-12-18T18:48:12.625196Z TRACE ThreadId(01) adding file "Data\\Functions\\Utils\\fn_isPlayer.sqfc"
2025-12-18T18:48:12.625207Z TRACE ThreadId(01) adding file "Data\\Functions\\Utils\\fn_getDirFromBearing.sqfc"
2025-12-18T18:48:12.625300Z TRACE ThreadId(01) adding file "Data\\Functions\\Utils\\fn_createCasualtyPing.sqf"
2025-12-18T18:48:12.625468Z TRACE ThreadId(01) adding file "Data\\Functions\\Utils\\fn_findAllVoicelineTags.sqf"
2025-12-18T18:48:12.625558Z TRACE ThreadId(01) adding file "Data\\Functions\\Utils\\fn_stringReplace.sqfc"
2025-12-18T18:48:12.625571Z TRACE ThreadId(01) adding file "Data\\Functions\\Utils\\fn_getNearbyPlayers.sqfc"
2025-12-18T18:48:12.625582Z TRACE ThreadId(01) adding file "Data\\Functions\\Utils\\fn_findAllVoicelineTags.sqfc"
2025-12-18T18:48:12.625674Z TRACE ThreadId(01) adding file "Data\\Functions\\Utils\\fn_removeQuotes.sqf"
2025-12-18T18:48:12.625845Z TRACE ThreadId(01) adding file "Data\\Functions\\Utils\\fn_getConfigNameFromTag.sqf"
2025-12-18T18:48:12.626058Z TRACE ThreadId(01) adding file "Data\\Functions\\Utils\\fn_isPlayer.sqf"
2025-12-18T18:48:12.626256Z TRACE ThreadId(01) adding file "Data\\Functions\\Utils\\fn_getNearbyPlayers.sqf"
2025-12-18T18:48:12.626431Z TRACE ThreadId(01) adding file "Data\\Functions\\Utils\\fn_sortByDistance.sqf"
2025-12-18T18:48:12.626600Z TRACE ThreadId(01) adding file "Data\\Functions\\Utils\\fn_getDirFromBearing.sqf"
2025-12-18T18:48:12.626696Z TRACE ThreadId(01) adding file "Data\\Functions\\Utils\\fn_getConfigNameFromTag.sqfc"
2025-12-18T18:48:12.626710Z TRACE ThreadId(01) adding file "Data\\Functions\\Utils\\fn_sortByDistance.sqfc"
2025-12-18T18:48:12.626720Z TRACE ThreadId(01) adding file "Data\\Functions\\Chat\\fn_processTags.sqfc"
2025-12-18T18:48:12.626815Z TRACE ThreadId(01) adding file "Data\\Functions\\Chat\\fn_configureMenus.sqf"
2025-12-18T18:48:12.626981Z TRACE ThreadId(01) adding file "Data\\Functions\\Chat\\fn_processTags.sqf"
2025-12-18T18:48:12.627104Z TRACE ThreadId(01) adding file "Data\\Functions\\Chat\\fn_openChatWheel.sqfc"
2025-12-18T18:48:12.627117Z TRACE ThreadId(01) adding file "Data\\Functions\\Chat\\fn_sendGroupMessage.sqfc"
2025-12-18T18:48:12.627127Z TRACE ThreadId(01) adding file "Data\\Functions\\Chat\\fn_configureMenus.sqfc"
2025-12-18T18:48:12.627235Z TRACE ThreadId(01) adding file "Data\\Functions\\Chat\\fn_sendGroupMessage.sqf"
2025-12-18T18:48:12.627408Z TRACE ThreadId(01) adding file "Data\\Functions\\Chat\\fn_openChatWheel.sqf"
2025-12-18T18:48:12.627579Z TRACE ThreadId(01) adding file "Data\\Functions\\Chat\\fn_sendLocalMessage.sqf"
2025-12-18T18:48:12.627677Z TRACE ThreadId(01) adding file "Data\\Functions\\Chat\\fn_sendLocalMessage.sqfc"
2025-12-18T18:48:12.627698Z TRACE ThreadId(01) adding file "Data\\Functions\\Settings\\fn_configureAddonOptions.sqfc"
2025-12-18T18:48:12.627809Z TRACE ThreadId(01) adding file "Data\\Functions\\Settings\\fn_createTagMenu.sqf"
2025-12-18T18:48:12.627901Z TRACE ThreadId(01) adding file "Data\\Functions\\Settings\\fn_configureAddonKeybinds.sqfc"
2025-12-18T18:48:12.627998Z TRACE ThreadId(01) adding file "Data\\Functions\\Settings\\fn_configureAddonKeybinds.sqf"
2025-12-18T18:48:12.628088Z TRACE ThreadId(01) adding file "Data\\Functions\\Settings\\fn_createTagMenu.sqfc"
2025-12-18T18:48:12.628190Z TRACE ThreadId(01) adding file "Data\\Functions\\Settings\\fn_configureAddonOptions.sqf"
2025-12-18T18:48:12.630257Z DEBUG ThreadId(01) "F:\\EBH Dev Works\\EBH-Aux-Mod\\.hemttout\\dev\\addons" already exists
2025-12-18T18:48:12.630279Z DEBUG ThreadId(01) building "addons/common" => "F:\\EBH Dev Works\\EBH-Aux-Mod\\.hemttout\\dev\\addons\\EHB_common.pbo"
2025-12-18T18:48:12.631631Z TRACE ThreadId(01) adding file "XEH_preStart.sqfc"
2025-12-18T18:48:12.631784Z TRACE ThreadId(01) adding file "XEH_preStart.sqf"
2025-12-18T18:48:12.631899Z TRACE ThreadId(01) adding file "XEH_preInit.sqfc"
2025-12-18T18:48:12.632388Z TRACE ThreadId(01) adding file "README.md"
2025-12-18T18:48:12.632624Z TRACE ThreadId(01) adding file "script_component.hpp"
2025-12-18T18:48:12.632827Z TRACE ThreadId(01) adding file "CfgEventHandlers.hpp"
2025-12-18T18:48:12.633161Z TRACE ThreadId(01) adding file "XEH_preInit.sqf"
2025-12-18T18:48:12.633372Z TRACE ThreadId(01) adding file "XEH_PREP.hpp"
2025-12-18T18:48:12.633479Z TRACE ThreadId(01) adding file "config.bin"
2025-12-18T18:48:12.633494Z TRACE ThreadId(01) adding file "functions\\fnc_empty.sqfc"
2025-12-18T18:48:12.633606Z TRACE ThreadId(01) adding file "functions\\fnc_empty.sqf"
2025-12-18T18:48:12.634448Z DEBUG ThreadId(01) "F:\\EBH Dev Works\\EBH-Aux-Mod\\.hemttout\\dev\\addons" already exists
2025-12-18T18:48:12.634460Z DEBUG ThreadId(01) building "addons/gears" => "F:\\EBH Dev Works\\EBH-Aux-Mod\\.hemttout\\dev\\addons\\EHB_gears.pbo"
2025-12-18T18:48:12.635878Z TRACE ThreadId(01) adding file "config.bin"
2025-12-18T18:48:12.636004Z TRACE ThreadId(01) adding file "CfgOptreHudSchemes.hpp"
2025-12-18T18:48:12.636323Z TRACE ThreadId(01) adding file "XEH_postInit.sqfc"
2025-12-18T18:48:12.636499Z TRACE ThreadId(01) adding file "XEH_preInit.sqf"
2025-12-18T18:48:12.636779Z TRACE ThreadId(01) adding file "XEH_postInit.sqf"
2025-12-18T18:48:12.636901Z TRACE ThreadId(01) adding file "XEH_preInit.sqfc"
2025-12-18T18:48:12.637002Z TRACE ThreadId(01) adding file "script_macros.hpp"
2025-12-18T18:48:12.637219Z TRACE ThreadId(01) adding file "XEH_preStart.sqf"
2025-12-18T18:48:12.637819Z TRACE ThreadId(01) adding file "XEH_PREP.hpp"
2025-12-18T18:48:12.637950Z TRACE ThreadId(01) adding file "XEH_preStart.sqfc"
2025-12-18T18:48:12.638078Z TRACE ThreadId(01) adding file "CfgEventHandlers.hpp"
2025-12-18T18:48:12.638302Z TRACE ThreadId(01) adding file "CfgGlasses.hpp"
2025-12-18T18:48:12.638574Z TRACE ThreadId(01) adding file "script_component.hpp"
2025-12-18T18:48:12.639652Z DEBUG ThreadId(01) "F:\\EBH Dev Works\\EBH-Aux-Mod\\.hemttout\\dev\\addons" already exists
2025-12-18T18:48:12.639674Z DEBUG ThreadId(01) building "addons/main" => "F:\\EBH Dev Works\\EBH-Aux-Mod\\.hemttout\\dev\\addons\\EHB_main.pbo"
2025-12-18T18:48:12.644837Z TRACE ThreadId(01) adding file "script_macros.hpp"
2025-12-18T18:48:12.645027Z TRACE ThreadId(01) adding file "XEH_postInitClient.sqf"
2025-12-18T18:48:12.645189Z TRACE ThreadId(01) adding file "XEH_PREP.hpp"
2025-12-18T18:48:12.645301Z TRACE ThreadId(01) adding file "config.bin"
2025-12-18T18:48:12.645316Z TRACE ThreadId(01) adding file "XEH_preInit.sqfc"
2025-12-18T18:48:12.645326Z TRACE ThreadId(01) adding file "XEH_postInitClient.sqfc"
2025-12-18T18:48:12.645337Z TRACE ThreadId(01) adding file "XEH_preStart.sqfc"
2025-12-18T18:48:12.645356Z TRACE ThreadId(01) adding file "texHeaders.bin"
2025-12-18T18:48:12.645493Z TRACE ThreadId(01) adding file "CfgSettings.hpp"
2025-12-18T18:48:12.645732Z TRACE ThreadId(01) adding file "README.md"
2025-12-18T18:48:12.645944Z TRACE ThreadId(01) adding file "XEH_preStart.sqf"
2025-12-18T18:48:12.646060Z TRACE ThreadId(01) adding file "XEH_postInitServer.sqfc"
2025-12-18T18:48:12.646172Z TRACE ThreadId(01) adding file "CfgEditorSubcategories.hpp"
2025-12-18T18:48:12.646385Z TRACE ThreadId(01) adding file "CfgEventHandlers.hpp"
2025-12-18T18:48:12.646555Z TRACE ThreadId(01) adding file "script_component.hpp"
2025-12-18T18:48:12.646830Z TRACE ThreadId(01) adding file "script_version.hpp"
2025-12-18T18:48:12.647174Z TRACE ThreadId(01) adding file "CfgVehicles.hpp"
2025-12-18T18:48:12.647427Z TRACE ThreadId(01) adding file "script_mod.hpp"
2025-12-18T18:48:12.647639Z TRACE ThreadId(01) adding file "XEH_postInitServer.sqf"
2025-12-18T18:48:12.647909Z TRACE ThreadId(01) adding file "XEH_preInit.sqf"
2025-12-18T18:48:12.647998Z TRACE ThreadId(01) adding file "XEH_postInit.sqfc"
2025-12-18T18:48:12.648091Z TRACE ThreadId(01) adding file "CfgEditorCategories.hpp"
2025-12-18T18:48:12.648383Z TRACE ThreadId(01) adding file "XEH_postInit.sqf"
2025-12-18T18:48:12.649205Z TRACE ThreadId(01) adding file "data\\ui copy\\CamoGrey_co.paa"
2025-12-18T18:48:12.649412Z TRACE ThreadId(01) adding file "data\\ui copy\\CamoKC_co.paa"
2025-12-18T18:48:12.649627Z TRACE ThreadId(01) adding file "data\\ui copy\\ACE_logo_small_ca.paa"
2025-12-18T18:48:12.649832Z TRACE ThreadId(01) adding file "data\\ui copy\\Medic_ca.paa"
2025-12-18T18:48:12.650010Z TRACE ThreadId(01) adding file "data\\ui copy\\EOD_White_ca.paa"
2025-12-18T18:48:12.650235Z TRACE ThreadId(01) adding file "data\\ui copy\\Medic_White_ca.paa"
2025-12-18T18:48:12.650459Z TRACE ThreadId(01) adding file "data\\ui copy\\logo_kc_ca.paa"
2025-12-18T18:48:12.650678Z TRACE ThreadId(01) adding file "data\\ui copy\\BIS_logo_small_ca.paa"
2025-12-18T18:48:12.650848Z TRACE ThreadId(01) adding file "data\\ui copy\\CamoBrown_co.paa"
2025-12-18T18:48:12.651010Z TRACE ThreadId(01) adding file "data\\ui copy\\logo_kcKeeli_ca.paa"
2025-12-18T18:48:12.651174Z TRACE ThreadId(01) adding file "data\\hpp\\defineDIKCodes.hpp"
2025-12-18T18:48:12.651348Z TRACE ThreadId(01) adding file "functions\\fnc_getReplacementItem.sqf"
2025-12-18T18:48:12.651439Z TRACE ThreadId(01) adding file "functions\\fnc_onArsenalOpen.sqfc"
2025-12-18T18:48:12.651530Z TRACE ThreadId(01) adding file "functions\\fnc_rgbToHex.sqf"
2025-12-18T18:48:12.651691Z TRACE ThreadId(01) adding file "functions\\fnc_onArsenalOpen.sqf"
2025-12-18T18:48:12.651852Z TRACE ThreadId(01) adding file "functions\\fnc_loopSay3D_init.sqf"
2025-12-18T18:48:12.652061Z TRACE ThreadId(01) adding file "functions\\fnc_tempDisableDamage.sqf"
2025-12-18T18:48:12.652154Z TRACE ThreadId(01) adding file "functions\\fnc_isEngineer.sqfc"
2025-12-18T18:48:12.652166Z TRACE ThreadId(01) adding file "functions\\fnc_setMedic.sqfc"
2025-12-18T18:48:12.652259Z TRACE ThreadId(01) adding file "functions\\fnc_inFeatureCamera.sqf"
2025-12-18T18:48:12.652589Z TRACE ThreadId(01) adding file "functions\\fnc_tempPFH.sqf"
2025-12-18T18:48:12.652678Z TRACE ThreadId(01) adding file "functions\\fnc_playLocalSound.sqfc"
2025-12-18T18:48:12.652690Z TRACE ThreadId(01) adding file "functions\\fnc_isVehicleCrew.sqfc"
2025-12-18T18:48:12.652779Z TRACE ThreadId(01) adding file "functions\\fnc_playLocalSound.sqf"
2025-12-18T18:48:12.652940Z TRACE ThreadId(01) adding file "functions\\fnc_getNearbyUnits.sqf"
2025-12-18T18:48:12.653105Z TRACE ThreadId(01) adding file "functions\\fnc_isEngineer.sqf"
2025-12-18T18:48:12.653193Z TRACE ThreadId(01) adding file "functions\\fnc_tempPFH.sqfc"
2025-12-18T18:48:12.653206Z TRACE ThreadId(01) adding file "functions\\fnc_getReplacementItem.sqfc"
2025-12-18T18:48:12.653216Z TRACE ThreadId(01) adding file "functions\\fnc_getNearbyUnits.sqfc"
2025-12-18T18:48:12.653308Z TRACE ThreadId(01) adding file "functions\\fnc_setMedic.sqf"
2025-12-18T18:48:12.653479Z TRACE ThreadId(01) adding file "functions\\fnc_stringReplace.sqf"
2025-12-18T18:48:12.653644Z TRACE ThreadId(01) adding file "functions\\fnc_isMedic.sqf"
2025-12-18T18:48:12.653740Z TRACE ThreadId(01) adding file "functions\\fnc_isMedic.sqfc"
2025-12-18T18:48:12.653831Z TRACE ThreadId(01) adding file "functions\\fnc_loopSay3D.sqf"
2025-12-18T18:48:12.653924Z TRACE ThreadId(01) adding file "functions\\fnc_stringReplace.sqfc"
2025-12-18T18:48:12.654013Z TRACE ThreadId(01) adding file "functions\\fnc_setEngineer.sqf"
2025-12-18T18:48:12.654100Z TRACE ThreadId(01) adding file "functions\\fnc_tempDisableDamage.sqfc"
2025-12-18T18:48:12.654191Z TRACE ThreadId(01) adding file "functions\\fnc_isVehicleCrew.sqf"
2025-12-18T18:48:12.654278Z TRACE ThreadId(01) adding file "functions\\fnc_rgbToHex.sqfc"
2025-12-18T18:48:12.654290Z TRACE ThreadId(01) adding file "functions\\fnc_loopSay3D.sqfc"
2025-12-18T18:48:12.654299Z TRACE ThreadId(01) adding file "functions\\fnc_inFeatureCamera.sqfc"
2025-12-18T18:48:12.654308Z TRACE ThreadId(01) adding file "functions\\fnc_loopSay3D_init.sqfc"
2025-12-18T18:48:12.654316Z TRACE ThreadId(01) adding file "functions\\fnc_setEngineer.sqfc"
2025-12-18T18:48:12.656771Z DEBUG ThreadId(01) "F:\\EBH Dev Works\\EBH-Aux-Mod\\.hemttout\\dev\\addons" already exists
2025-12-18T18:48:12.656791Z DEBUG ThreadId(01) building "addons/objects" => "F:\\EBH Dev Works\\EBH-Aux-Mod\\.hemttout\\dev\\addons\\EHB_objects.pbo"
2025-12-18T18:48:12.660758Z TRACE ThreadId(01) adding file "XEH_preStart.sqfc"
2025-12-18T18:48:12.660962Z TRACE ThreadId(01) adding file "XEH_postInit.sqf"
2025-12-18T18:48:12.661215Z TRACE ThreadId(01) adding file "XEH_PREP.hpp"
2025-12-18T18:48:12.661302Z TRACE ThreadId(01) adding file "config.bin"
2025-12-18T18:48:12.661397Z TRACE ThreadId(01) adding file "script_component.hpp"
2025-12-18T18:48:12.661555Z TRACE ThreadId(01) adding file "CfgEventHandlers.hpp"
2025-12-18T18:48:12.661721Z TRACE ThreadId(01) adding file "XEH_preInit.sqf"
2025-12-18T18:48:12.661878Z TRACE ThreadId(01) adding file "XEH_preStart.sqf"
2025-12-18T18:48:12.662092Z TRACE ThreadId(01) adding file "XEH_postInit.sqfc"
2025-12-18T18:48:12.662235Z TRACE ThreadId(01) adding file "script_macros.hpp"
2025-12-18T18:48:12.662328Z TRACE ThreadId(01) adding file "texHeaders.bin"
2025-12-18T18:48:12.662420Z TRACE ThreadId(01) adding file "CfgVehicles.hpp"
2025-12-18T18:48:12.662508Z TRACE ThreadId(01) adding file "XEH_preInit.sqfc"
2025-12-18T18:48:12.662879Z TRACE ThreadId(01) adding file "resupply\\script_component.hpp"
2025-12-18T18:48:12.663058Z TRACE ThreadId(01) adding file "resupply\\CfgVehicles.hpp"
2025-12-18T18:48:12.663146Z TRACE ThreadId(01) adding file "resupply\\config.bin"
2025-12-18T18:48:12.663475Z TRACE ThreadId(01) adding file "resupply\\data\\textures\\Squad_Medical_Crate_co.paa"
2025-12-18T18:48:12.663665Z TRACE ThreadId(01) adding file "resupply\\data\\textures\\Platoon_Ammo_Crate_co.paa"
2025-12-18T18:48:12.663946Z TRACE ThreadId(01) adding file "resupply\\data\\textures\\Platoon_Medical_Crate_co.paa"
2025-12-18T18:48:12.664117Z TRACE ThreadId(01) adding file "resupply\\data\\textures\\Explosives_Crate_co.paa"
2025-12-18T18:48:12.664283Z TRACE ThreadId(01) adding file "resupply\\data\\textures\\Squad_Ammo_Crate_co.paa"
2025-12-18T18:48:12.664657Z TRACE ThreadId(01) adding file "data\\signs\\AirbaseSign_NOHQ.paa"
2025-12-18T18:48:12.664825Z TRACE ThreadId(01) adding file "data\\signs\\AirbaseSign1_CO.png"
2025-12-18T18:48:12.664998Z TRACE ThreadId(01) adding file "data\\signs\\AirbaseSign1_CO.paa"
2025-12-18T18:48:12.665177Z TRACE ThreadId(01) adding file "data\\signs\\AirbaseSign2_CO.paa"
2025-12-18T18:48:12.665386Z TRACE ThreadId(01) adding file "data\\signs\\AirbaseSign2_CO.png"
2025-12-18T18:48:12.665569Z TRACE ThreadId(01) adding file "data\\flags\\505th_Damaged_co.paa"
2025-12-18T18:48:12.665820Z TRACE ThreadId(01) adding file "data\\flags\\505th_co.paa"
2025-12-18T18:48:12.665929Z TRACE ThreadId(01) adding file "functions\\fnc_registerCEKits.sqfc"
2025-12-18T18:48:12.665956Z TRACE ThreadId(01) adding file "functions\\fnc_InitFR.sqfc"
2025-12-18T18:48:12.666070Z TRACE ThreadId(01) adding file "functions\\fnc_InitCE.sqf"
2025-12-18T18:48:12.666253Z TRACE ThreadId(01) adding file "functions\\fnc_InitFR.sqf"
2025-12-18T18:48:12.666348Z TRACE ThreadId(01) adding file "functions\\fnc_registerFRKits.sqfc"
2025-12-18T18:48:12.666460Z TRACE ThreadId(01) adding file "functions\\fnc_registerCEKits.sqf"
2025-12-18T18:48:12.666550Z TRACE ThreadId(01) adding file "functions\\fnc_InitCE.sqfc"
2025-12-18T18:48:12.666641Z TRACE ThreadId(01) adding file "functions\\fnc_registerFRKits.sqf"
2025-12-18T18:48:12.677498Z DEBUG ThreadId(01) "F:\\EBH Dev Works\\EBH-Aux-Mod\\.hemttout\\dev\\addons" already exists
2025-12-18T18:48:12.677517Z DEBUG ThreadId(01) building "addons/weapons" => "F:\\EBH Dev Works\\EBH-Aux-Mod\\.hemttout\\dev\\addons\\EHB_weapons.pbo"
2025-12-18T18:48:12.694327Z TRACE ThreadId(01) adding file "XEH_preInit.sqfc"
2025-12-18T18:48:12.694431Z TRACE ThreadId(01) adding file "XEH_preStart.sqf"
2025-12-18T18:48:12.694521Z TRACE ThreadId(01) adding file "texHeaders.bin"
2025-12-18T18:48:12.694612Z TRACE ThreadId(01) adding file "CfgMagazines.hpp"
2025-12-18T18:48:12.694702Z TRACE ThreadId(01) adding file "config.bin"
2025-12-18T18:48:12.694802Z TRACE ThreadId(01) adding file "script_macros.hpp"
2025-12-18T18:48:12.694965Z TRACE ThreadId(01) adding file "CfgEventHandlers.hpp"
2025-12-18T18:48:12.695053Z TRACE ThreadId(01) adding file "XEH_preStart.sqfc"
2025-12-18T18:48:12.695066Z TRACE ThreadId(01) adding file "XEH_postInit.sqfc"
2025-12-18T18:48:12.695153Z TRACE ThreadId(01) adding file "XEH_postInit.sqf"
2025-12-18T18:48:12.695365Z TRACE ThreadId(01) adding file "XEH_preInit.sqf"
2025-12-18T18:48:12.695555Z TRACE ThreadId(01) adding file "CfgAmmo.hpp"
2025-12-18T18:48:12.695838Z TRACE ThreadId(01) adding file "script_component.hpp"
2025-12-18T18:48:12.696484Z TRACE ThreadId(01) adding file "ma5c\\CfgMagazines.hpp"
2025-12-18T18:48:12.697012Z TRACE ThreadId(01) adding file "ma5c\\CfgSoundSets.hpp"
2025-12-18T18:48:12.697331Z TRACE ThreadId(01) adding file "ma5c\\CfgMagazinesWells.hpp"
2025-12-18T18:48:12.697569Z TRACE ThreadId(01) adding file "ma5c\\CfgSoundShaders.hpp"
2025-12-18T18:48:12.697869Z TRACE ThreadId(01) adding file "ma5c\\script_component.hpp"
2025-12-18T18:48:12.698093Z TRACE ThreadId(01) adding file "ma5c\\CfgWeapons.hpp"
2025-12-18T18:48:12.698399Z TRACE ThreadId(01) adding file "ma5c\\config.bin"
2025-12-18T18:48:12.698782Z TRACE ThreadId(01) adding file "ma5c\\data\\textures\\smartlinkc_co.paa"
2025-12-18T18:48:12.699117Z TRACE ThreadId(01) adding file "ma5c\\data\\textures\\coverc_co.paa"
2025-12-18T18:48:12.699376Z TRACE ThreadId(01) adding file "ma5c\\data\\textures\\MA5_Reticle_green.paa"
2025-12-18T18:48:12.699568Z TRACE ThreadId(01) adding file "ma5c\\data\\textures\\rend_weapon_co.paa"
2025-12-18T18:48:12.699774Z TRACE ThreadId(01) adding file "ma5c\\data\\audio\\MA5C-01.ogg"
2025-12-18T18:48:12.699968Z TRACE ThreadId(01) adding file "ma5c\\data\\audio\\MA5C-04.ogg"
2025-12-18T18:48:12.700136Z TRACE ThreadId(01) adding file "ma5c\\data\\audio\\MA5C-06.ogg"
2025-12-18T18:48:12.700301Z TRACE ThreadId(01) adding file "ma5c\\data\\audio\\MA5C-08.ogg"
2025-12-18T18:48:12.700505Z TRACE ThreadId(01) adding file "ma5c\\data\\audio\\MA5C-03.ogg"
2025-12-18T18:48:12.700697Z TRACE ThreadId(01) adding file "ma5c\\data\\audio\\MA5C-07.ogg"
2025-12-18T18:48:12.700870Z TRACE ThreadId(01) adding file "ma5c\\data\\audio\\MA5C-05.ogg"
2025-12-18T18:48:12.701046Z TRACE ThreadId(01) adding file "ma5c\\data\\audio\\MA5C-09.ogg"
2025-12-18T18:48:12.701227Z TRACE ThreadId(01) adding file "ma5c\\data\\audio\\MA5C-11.ogg"
2025-12-18T18:48:12.701422Z TRACE ThreadId(01) adding file "ma5c\\data\\audio\\MA5C-10.ogg"
2025-12-18T18:48:12.701597Z TRACE ThreadId(01) adding file "ma5c\\data\\audio\\MA5C-12.ogg"
2025-12-18T18:48:12.701835Z TRACE ThreadId(01) adding file "ma5c\\data\\audio\\MA5C-13.ogg"
2025-12-18T18:48:12.702072Z TRACE ThreadId(01) adding file "ma5c\\data\\audio\\MA5C-02.ogg"
2025-12-18T18:48:12.702174Z TRACE ThreadId(01) adding file "vk78commando\\config.bin"
2025-12-18T18:48:12.702275Z TRACE ThreadId(01) adding file "vk78commando\\CfgMagazines.hpp"
2025-12-18T18:48:12.702539Z TRACE ThreadId(01) adding file "vk78commando\\script_component.hpp"
2025-12-18T18:48:12.702710Z TRACE ThreadId(01) adding file "vk78commando\\CfgMagazinesWells.hpp"
2025-12-18T18:48:12.702878Z TRACE ThreadId(01) adding file "vk78commando\\CfgWeapons.hpp"
2025-12-18T18:48:12.703046Z TRACE ThreadId(01) adding file "m98harvester\\CfgMagazines.hpp"
2025-12-18T18:48:12.703224Z TRACE ThreadId(01) adding file "m98harvester\\CfgWeapons.hpp"
2025-12-18T18:48:12.703393Z TRACE ThreadId(01) adding file "m98harvester\\CfgMagazinesWells.hpp"
2025-12-18T18:48:12.703636Z TRACE ThreadId(01) adding file "m98harvester\\script_component.hpp"
2025-12-18T18:48:12.703817Z TRACE ThreadId(01) adding file "m98harvester\\config.bin"
2025-12-18T18:48:12.703913Z TRACE ThreadId(01) adding file "accessories\\script_component.hpp"
2025-12-18T18:48:12.704021Z TRACE ThreadId(01) adding file "accessories\\config.bin"
2025-12-18T18:48:12.704192Z TRACE ThreadId(01) adding file "accessories\\CfgWeapons.hpp"
2025-12-18T18:48:12.704602Z TRACE ThreadId(01) adding file "accessories\\data\\CBA_Optic\\Tremor3\\Tremor3_25_illum_ca.paa"
2025-12-18T18:48:12.704776Z TRACE ThreadId(01) adding file "accessories\\data\\CBA_Optic\\Tremor3\\Tremor3_5_illum_ca.paa"
2025-12-18T18:48:12.704951Z TRACE ThreadId(01) adding file "accessories\\data\\CBA_Optic\\Tremor3\\Tremor3_10_bar_ca.paa"
2025-12-18T18:48:12.705122Z TRACE ThreadId(01) adding file "accessories\\data\\CBA_Optic\\Tremor3\\Tremor3_20_bar_ca.paa"
2025-12-18T18:48:12.705379Z TRACE ThreadId(01) adding file "accessories\\data\\CBA_Optic\\Tremor3\\Tremor3_25_bar_ca.paa"
2025-12-18T18:48:12.705553Z TRACE ThreadId(01) adding file "accessories\\data\\CBA_Optic\\Tremor3\\Tremor3_10_illum_ca.paa"
2025-12-18T18:48:12.705725Z TRACE ThreadId(01) adding file "accessories\\data\\CBA_Optic\\Tremor3\\Tremor3_5_bar_ca.paa"
2025-12-18T18:48:12.705902Z TRACE ThreadId(01) adding file "accessories\\data\\CBA_Optic\\Tremor3\\Tremor3_15_illum_ca.paa"
2025-12-18T18:48:12.706071Z TRACE ThreadId(01) adding file "accessories\\data\\CBA_Optic\\Tremor3\\Tremor3_15_bar_ca.paa"
2025-12-18T18:48:12.706248Z TRACE ThreadId(01) adding file "accessories\\data\\CBA_Optic\\Tremor3\\Tremor3_20_illum_ca.paa"
2025-12-18T18:48:12.706455Z TRACE ThreadId(01) adding file "vtr93vindicta\\script_component.hpp"
2025-12-18T18:48:12.706549Z TRACE ThreadId(01) adding file "vtr93vindicta\\config.bin"
2025-12-18T18:48:12.706723Z TRACE ThreadId(01) adding file "vtr93vindicta\\CfgMagazines.hpp"
2025-12-18T18:48:12.706896Z TRACE ThreadId(01) adding file "vtr93vindicta\\CfgWeapons.hpp"
2025-12-18T18:48:12.707075Z TRACE ThreadId(01) adding file "vtr93vindicta\\CfgMagazinesWells.hpp"
2025-12-18T18:48:12.707251Z TRACE ThreadId(01) adding file "lmr11shortbow\\CfgWeapons.hpp"
2025-12-18T18:48:12.707342Z TRACE ThreadId(01) adding file "lmr11shortbow\\config.bin"
2025-12-18T18:48:12.707434Z TRACE ThreadId(01) adding file "lmr11shortbow\\CfgMagazinesWells.hpp"
2025-12-18T18:48:12.707677Z TRACE ThreadId(01) adding file "lmr11shortbow\\script_component.hpp"
2025-12-18T18:48:12.707842Z TRACE ThreadId(01) adding file "lmr11shortbow\\CfgMagazines.hpp"
2025-12-18T18:48:12.708148Z TRACE ThreadId(01) adding file "puma\\CfgWeapons.hpp"
2025-12-18T18:48:12.708313Z TRACE ThreadId(01) adding file "puma\\CfgMagazines.hpp"
2025-12-18T18:48:12.708557Z TRACE ThreadId(01) adding file "puma\\script_component.hpp"
2025-12-18T18:48:12.708721Z TRACE ThreadId(01) adding file "puma\\CfgMagazinesWells.hpp"
2025-12-18T18:48:12.708809Z TRACE ThreadId(01) adding file "puma\\config.bin"
2025-12-18T18:48:12.708820Z TRACE ThreadId(01) adding file "br45b\\config.bin"
2025-12-18T18:48:12.708910Z TRACE ThreadId(01) adding file "br45b\\CfgMagazines.hpp"
2025-12-18T18:48:12.709071Z TRACE ThreadId(01) adding file "br45b\\CfgWeapons.hpp"
2025-12-18T18:48:12.709246Z TRACE ThreadId(01) adding file "br45b\\script_component.hpp"
2025-12-18T18:48:12.709529Z TRACE ThreadId(01) adding file "br45b\\CfgMagazinesWells.hpp"
2025-12-18T18:48:12.709700Z TRACE ThreadId(01) adding file "mhg16\\CfgWeapons.hpp"
2025-12-18T18:48:12.709868Z TRACE ThreadId(01) adding file "mhg16\\CfgMagazines.hpp"
2025-12-18T18:48:12.710129Z TRACE ThreadId(01) adding file "mhg16\\CfgMagazinesWells.hpp"
2025-12-18T18:48:12.710294Z TRACE ThreadId(01) adding file "mhg16\\script_component.hpp"
2025-12-18T18:48:12.710383Z TRACE ThreadId(01) adding file "mhg16\\config.bin"
2025-12-18T18:48:12.710394Z TRACE ThreadId(01) adding file "m295bmr\\config.bin"
2025-12-18T18:48:12.710485Z TRACE ThreadId(01) adding file "m295bmr\\CfgMagazines.hpp"
2025-12-18T18:48:12.710652Z TRACE ThreadId(01) adding file "m295bmr\\CfgWeapons.hpp"
2025-12-18T18:48:12.710902Z TRACE ThreadId(01) adding file "m295bmr\\CfgMagazinesWells.hpp"
2025-12-18T18:48:12.711069Z TRACE ThreadId(01) adding file "m295bmr\\script_component.hpp"
2025-12-18T18:48:12.711331Z TRACE ThreadId(01) adding file "ma5cgl\\CfgWeapons.hpp"
2025-12-18T18:48:12.711495Z TRACE ThreadId(01) adding file "ma5cgl\\CfgSoundShaders.hpp"
2025-12-18T18:48:12.711587Z TRACE ThreadId(01) adding file "ma5cgl\\config.bin"
2025-12-18T18:48:12.711679Z TRACE ThreadId(01) adding file "ma5cgl\\CfgSoundSets.hpp"
2025-12-18T18:48:12.711917Z TRACE ThreadId(01) adding file "ma5cgl\\CfgMagazines.hpp"
2025-12-18T18:48:12.712108Z TRACE ThreadId(01) adding file "ma5cgl\\script_component.hpp"
2025-12-18T18:48:12.712466Z TRACE ThreadId(01) adding file "ma5cgl\\data\\audio\\MA5C-08.ogg"
2025-12-18T18:48:12.712633Z TRACE ThreadId(01) adding file "ma5cgl\\data\\audio\\MA5C-09.ogg"
2025-12-18T18:48:12.712809Z TRACE ThreadId(01) adding file "ma5cgl\\data\\audio\\MA5C-11.ogg"
2025-12-18T18:48:12.712990Z TRACE ThreadId(01) adding file "ma5cgl\\data\\audio\\MA5C-12.ogg"
2025-12-18T18:48:12.713156Z TRACE ThreadId(01) adding file "ma5cgl\\data\\audio\\MA5C-13.ogg"
2025-12-18T18:48:12.713331Z TRACE ThreadId(01) adding file "ma5cgl\\data\\audio\\MA5C-04.ogg"
2025-12-18T18:48:12.713600Z TRACE ThreadId(01) adding file "ma5cgl\\data\\audio\\MA5C-06.ogg"
2025-12-18T18:48:12.713766Z TRACE ThreadId(01) adding file "ma5cgl\\data\\audio\\MA5C-05.ogg"
2025-12-18T18:48:12.713930Z TRACE ThreadId(01) adding file "ma5cgl\\data\\audio\\MA5C-02.ogg"
2025-12-18T18:48:12.714104Z TRACE ThreadId(01) adding file "ma5cgl\\data\\audio\\MA5C-03.ogg"
2025-12-18T18:48:12.714267Z TRACE ThreadId(01) adding file "ma5cgl\\data\\audio\\MA5C-07.ogg"
2025-12-18T18:48:12.714463Z TRACE ThreadId(01) adding file "ma5cgl\\data\\audio\\MA5C-10.ogg"
2025-12-18T18:48:12.714632Z TRACE ThreadId(01) adding file "ma5cgl\\data\\audio\\MA5C-01.ogg"
2025-12-18T18:48:12.715013Z TRACE ThreadId(01) adding file "m6g\\script_component.hpp"
2025-12-18T18:48:12.715107Z TRACE ThreadId(01) adding file "m6g\\config.bin"
2025-12-18T18:48:12.715201Z TRACE ThreadId(01) adding file "m6g\\CfgMagazinesWells.hpp"
2025-12-18T18:48:12.715402Z TRACE ThreadId(01) adding file "m6g\\CfgMagazines.hpp"
2025-12-18T18:48:12.715604Z TRACE ThreadId(01) adding file "m6g\\CfgWeapons.hpp"
2025-12-18T18:48:12.715789Z TRACE ThreadId(01) adding file "m6c\\CfgWeapons.hpp"
2025-12-18T18:48:12.715878Z TRACE ThreadId(01) adding file "m6c\\config.bin"
2025-12-18T18:48:12.715989Z TRACE ThreadId(01) adding file "m6c\\CfgMagazinesWells.hpp"
2025-12-18T18:48:12.716232Z TRACE ThreadId(01) adding file "m6c\\script_component.hpp"
2025-12-18T18:48:12.716404Z TRACE ThreadId(01) adding file "m6c\\CfgMagazines.hpp"
2025-12-18T18:48:12.716579Z TRACE ThreadId(01) adding file "m73\\CfgMagazines.hpp"
2025-12-18T18:48:12.716742Z TRACE ThreadId(01) adding file "m73\\CfgMagazinesWells.hpp"
2025-12-18T18:48:12.716909Z TRACE ThreadId(01) adding file "m73\\config.bin"
2025-12-18T18:48:12.717001Z TRACE ThreadId(01) adding file "m73\\CfgWeapons.hpp"
2025-12-18T18:48:12.717165Z TRACE ThreadId(01) adding file "m73\\script_component.hpp"
2025-12-18T18:48:12.717717Z TRACE ThreadId(01) adding file "ma37k\\CfgWeapons.hpp"
2025-12-18T18:48:12.717865Z TRACE ThreadId(01) adding file "ma37k\\config.bin"
2025-12-18T18:48:12.718004Z TRACE ThreadId(01) adding file "ma37k\\CfgMagazinesWells.hpp"
2025-12-18T18:48:12.718193Z TRACE ThreadId(01) adding file "ma37k\\script_component.hpp"
2025-12-18T18:48:12.718382Z TRACE ThreadId(01) adding file "mr10longbow\\CfgWeapons.hpp"
2025-12-18T18:48:12.718556Z TRACE ThreadId(01) adding file "mr10longbow\\CfgMagazinesWells.hpp"
2025-12-18T18:48:12.718741Z TRACE ThreadId(01) adding file "mr10longbow\\config.bin"
2025-12-18T18:48:12.718838Z TRACE ThreadId(01) adding file "mr10longbow\\script_component.hpp"
2025-12-18T18:48:12.719016Z TRACE ThreadId(01) adding file "mr10longbow\\CfgMagazines.hpp"
2025-12-18T18:48:12.719197Z TRACE ThreadId(01) adding file "m247\\CfgMagazines.hpp"
2025-12-18T18:48:12.719477Z TRACE ThreadId(01) adding file "m247\\CfgWeapons.hpp"
2025-12-18T18:48:12.719573Z TRACE ThreadId(01) adding file "m247\\config.bin"
2025-12-18T18:48:12.719671Z TRACE ThreadId(01) adding file "m247\\CfgMagazinesWells.hpp"
2025-12-18T18:48:12.719854Z TRACE ThreadId(01) adding file "m247\\script_component.hpp"
2025-12-18T18:48:12.737769Z  INFO ThreadId(01) Built 8 PBOs
2025-12-18T18:48:12.737804Z TRACE ThreadId(01) phase: build (done)
2025-12-18T18:48:12.737811Z TRACE ThreadId(01) phase: post_build (BOM Check) (start)
2025-12-18T18:48:12.737815Z TRACE ThreadId(01) phase: post_build (BOM Check) (done)
2025-12-18T18:48:12.737819Z TRACE ThreadId(01) phase: post_build (Final New Line Check) (start)
2025-12-18T18:48:12.737822Z TRACE ThreadId(01) phase: post_build (Final New Line Check) (done)
2025-12-18T18:48:12.737826Z TRACE ThreadId(01) phase: post_build (Hooks) (start)
2025-12-18T18:48:12.737968Z TRACE ThreadId(01) no post_build hooks
2025-12-18T18:48:12.737975Z TRACE ThreadId(01) phase: post_build (Hooks) (done)
2025-12-18T18:48:12.737979Z TRACE ThreadId(01) phase: post_build (tex_headers) (start)
2025-12-18T18:48:12.737983Z TRACE ThreadId(01) phase: post_build (tex_headers) (done)
2025-12-18T18:48:12.737986Z TRACE ThreadId(01) phase: post_build (Files) (start)
2025-12-18T18:48:13.273799Z DEBUG ThreadId(01) copying "/EHB.paa" => "F:\\EBH Dev Works\\EBH-Aux-Mod\\.hemttout\\dev\\EHB.paa"
2025-12-18T18:48:13.275969Z DEBUG ThreadId(01) copying "/meta.cpp" => "F:\\EBH Dev Works\\EBH-Aux-Mod\\.hemttout\\dev\\meta.cpp"
2025-12-18T18:48:13.276786Z DEBUG ThreadId(01) copying "/LICENSE.md" => "F:\\EBH Dev Works\\EBH-Aux-Mod\\.hemttout\\dev\\LICENSE.md"
2025-12-18T18:48:13.277521Z DEBUG ThreadId(01) copying "/EHB.png" => "F:\\EBH Dev Works\\EBH-Aux-Mod\\.hemttout\\dev\\EHB.png"
2025-12-18T18:48:13.280027Z DEBUG ThreadId(01) copying "/README.md" => "F:\\EBH Dev Works\\EBH-Aux-Mod\\.hemttout\\dev\\README.md"
2025-12-18T18:48:13.280834Z DEBUG ThreadId(01) copying "/mod.cpp" => "F:\\EBH Dev Works\\EBH-Aux-Mod\\.hemttout\\dev\\mod.cpp"
2025-12-18T18:48:13.283658Z  INFO ThreadId(01) Copied 6 files
2025-12-18T18:48:13.283701Z TRACE ThreadId(01) phase: post_build (Files) (done)
2025-12-18T18:48:13.283706Z TRACE ThreadId(01) phase: post_build (FilePatching) (start)
2025-12-18T18:48:13.284022Z TRACE ThreadId(01) removing existing symlink at C:\Program Files (x86)\Steam\steamapps\common\Arma 3\BLU\EHB
2025-12-18T18:48:13.284325Z TRACE ThreadId(01) junction link "C:\\Program Files (x86)\\Steam\\steamapps\\common\\Arma 3\\BLU\\EHB" => "F:\\EBH Dev Works\\EBH-Aux-Mod\\.hemttout\\dev"
2025-12-18T18:48:13.298867Z  INFO ThreadId(01) Symlink created at C:\Program Files (x86)\Steam\steamapps\common\Arma 3\BLU\EHB
2025-12-18T18:48:13.298892Z TRACE ThreadId(01) phase: post_build (FilePatching) (done)
2025-12-18T18:48:13.298896Z TRACE ThreadId(01) phase: post_build (summary) (start)
2025-12-18T18:48:13.300304Z TRACE ThreadId(01) phase: post_build (summary) (done)
2025-12-18T18:48:13.300318Z TRACE ThreadId(01) phase: post_build (Rapifier) (start)
2025-12-18T18:48:13.300322Z TRACE ThreadId(01) phase: post_build (Rapifier) (done)
2025-12-18T18:48:13.300325Z TRACE ThreadId(01) phase: post_build (SQF) (start)
2025-12-18T18:48:13.300333Z TRACE ThreadId(01) phase: post_build (SQF) (done)
2025-12-18T18:48:13.300336Z TRACE ThreadId(01) phase: post_build (Stringtables) (start)
2025-12-18T18:48:13.300343Z TRACE ThreadId(01) phase: post_build (Stringtables) (done)
2025-12-18T18:48:13.311628Z  INFO ThreadId(01) Launching "C:\\Program Files (x86)\\Steam\\steamapps\\common\\Arma 3" with:
  -mod="C:\Program Files (x86)\Steam\steamapps\workshop\content\107410\1124993203"
  -mod="C:\Program Files (x86)\Steam\steamapps\workshop\content\107410\1224892496"
  -mod="C:\Program Files (x86)\Steam\steamapps\workshop\content\107410\1260802825"
  -mod="C:\Program Files (x86)\Steam\steamapps\workshop\content\107410\1572627279"
  -mod="C:\Program Files (x86)\Steam\steamapps\workshop\content\107410\1638341685"
  -mod="C:\Program Files (x86)\Steam\steamapps\workshop\content\107410\1661066023"
  -mod="C:\Program Files (x86)\Steam\steamapps\workshop\content\107410\1779063631"
  -mod="C:\Program Files (x86)\Steam\steamapps\workshop\content\107410\1808238502"
  -mod="C:\Program Files (x86)\Steam\steamapps\workshop\content\107410\1808723766"
  -mod="C:\Program Files (x86)\Steam\steamapps\workshop\content\107410\1858075458"
  -mod="C:\Program Files (x86)\Steam\steamapps\workshop\content\107410\1911374016"
  -mod="C:\Program Files (x86)\Steam\steamapps\workshop\content\107410\1923321700"
  -mod="C:\Program Files (x86)\Steam\steamapps\workshop\content\107410\1960024802"
  -mod="C:\Program Files (x86)\Steam\steamapps\workshop\content\107410\2020940806"
  -mod="C:\Program Files (x86)\Steam\steamapps\workshop\content\107410\2034363662"
  -mod="C:\Program Files (x86)\Steam\steamapps\workshop\content\107410\2198339170"
  -mod="C:\Program Files (x86)\Steam\steamapps\workshop\content\107410\2291129343"
  -mod="C:\Program Files (x86)\Steam\steamapps\workshop\content\107410\2372036642"
  -mod="C:\Program Files (x86)\Steam\steamapps\workshop\content\107410\2387297579"
  -mod="C:\Program Files (x86)\Steam\steamapps\workshop\content\107410\2447965207"
  -mod="C:\Program Files (x86)\Steam\steamapps\workshop\content\107410\2461607508"
  -mod="C:\Program Files (x86)\Steam\steamapps\workshop\content\107410\2511318948"
  -mod="C:\Program Files (x86)\Steam\steamapps\workshop\content\107410\2572487482"
  -mod="C:\Program Files (x86)\Steam\steamapps\workshop\content\107410\2586652540"
  -mod="C:\Program Files (x86)\Steam\steamapps\workshop\content\107410\2695649037"
  -mod="C:\Program Files (x86)\Steam\steamapps\workshop\content\107410\2699465073"
  -mod="C:\Program Files (x86)\Steam\steamapps\workshop\content\107410\2776005424"
  -mod="C:\Program Files (x86)\Steam\steamapps\workshop\content\107410\2791403093"
  -mod="C:\Program Files (x86)\Steam\steamapps\workshop\content\107410\2794721649"
  -mod="C:\Program Files (x86)\Steam\steamapps\workshop\content\107410\2836999643"
  -mod="C:\Program Files (x86)\Steam\steamapps\workshop\content\107410\2888477598"
  -mod="C:\Program Files (x86)\Steam\steamapps\workshop\content\107410\2915485125"
  -mod="C:\Program Files (x86)\Steam\steamapps\workshop\content\107410\2931279278"
  -mod="C:\Program Files (x86)\Steam\steamapps\workshop\content\107410\2933180786"
  -mod="C:\Program Files (x86)\Steam\steamapps\workshop\content\107410\2958273599"
  -mod="C:\Program Files (x86)\Steam\steamapps\workshop\content\107410\2975882889"
  -mod="C:\Program Files (x86)\Steam\steamapps\workshop\content\107410\2987115897"
  -mod="C:\Program Files (x86)\Steam\steamapps\workshop\content\107410\3032643455"
  -mod="C:\Program Files (x86)\Steam\steamapps\workshop\content\107410\3038821437"
  -mod="C:\Program Files (x86)\Steam\steamapps\workshop\content\107410\3038826897"
  -mod="C:\Program Files (x86)\Steam\steamapps\workshop\content\107410\3114421562"
  -mod="C:\Program Files (x86)\Steam\steamapps\workshop\content\107410\3122396633"
  -mod="C:\Program Files (x86)\Steam\steamapps\workshop\content\107410\3149544080"
  -mod="C:\Program Files (x86)\Steam\steamapps\workshop\content\107410\3165450999"
  -mod="C:\Program Files (x86)\Steam\steamapps\workshop\content\107410\3255508422"
  -mod="C:\Program Files (x86)\Steam\steamapps\workshop\content\107410\3283642267"
  -mod="C:\Program Files (x86)\Steam\steamapps\workshop\content\107410\3283645995"
  -mod="C:\Program Files (x86)\Steam\steamapps\workshop\content\107410\3283652320"
  -mod="C:\Program Files (x86)\Steam\steamapps\workshop\content\107410\3300894429"
  -mod="C:\Program Files (x86)\Steam\steamapps\workshop\content\107410\3325103983"
  -mod="C:\Program Files (x86)\Steam\steamapps\workshop\content\107410\3328314886"
  -mod="C:\Program Files (x86)\Steam\steamapps\workshop\content\107410\333310405"
  -mod="C:\Program Files (x86)\Steam\steamapps\workshop\content\107410\3333302397"
  -mod="C:\Program Files (x86)\Steam\steamapps\workshop\content\107410\3337555434"
  -mod="C:\Program Files (x86)\Steam\steamapps\workshop\content\107410\3390219536"
  -mod="C:\Program Files (x86)\Steam\steamapps\workshop\content\107410\3391132245"
  -mod="C:\Program Files (x86)\Steam\steamapps\workshop\content\107410\3421394954"
  -mod="C:\Program Files (x86)\Steam\steamapps\workshop\content\107410\3423561449"
  -mod="C:\Program Files (x86)\Steam\steamapps\workshop\content\107410\3426116212"
  -mod="C:\Program Files (x86)\Steam\steamapps\workshop\content\107410\3466650326"
  -mod="C:\Program Files (x86)\Steam\steamapps\workshop\content\107410\3469976535"
  -mod="C:\Program Files (x86)\Steam\steamapps\workshop\content\107410\3489262669"
  -mod="C:\Program Files (x86)\Steam\steamapps\workshop\content\107410\3499977893"
  -mod="C:\Program Files (x86)\Steam\steamapps\workshop\content\107410\366423278"
  -mod="C:\Program Files (x86)\Steam\steamapps\workshop\content\107410\366425329"
  -mod="C:\Program Files (x86)\Steam\steamapps\workshop\content\107410\450814997"
  -mod="C:\Program Files (x86)\Steam\steamapps\workshop\content\107410\463939057"
  -mod="C:\Program Files (x86)\Steam\steamapps\workshop\content\107410\570118882"
  -mod="C:\Program Files (x86)\Steam\steamapps\workshop\content\107410\583496184"
  -mod="C:\Program Files (x86)\Steam\steamapps\workshop\content\107410\583544987"
  -mod="C:\Program Files (x86)\Steam\steamapps\workshop\content\107410\623475643"
  -mod="C:\Program Files (x86)\Steam\steamapps\workshop\content\107410\632435682"
  -mod="C:\Program Files (x86)\Steam\steamapps\workshop\content\107410\667953829"
  -mod="C:\Program Files (x86)\Steam\steamapps\workshop\content\107410\750186990"
  -mod="C:\Program Files (x86)\Steam\steamapps\workshop\content\107410\766491311"
  -mod="C:\Program Files (x86)\Steam\steamapps\workshop\content\107410\767380317"
  -mod="C:\Program Files (x86)\Steam\steamapps\workshop\content\107410\769440155"
  -mod="C:\Program Files (x86)\Steam\steamapps\workshop\content\107410\782415569"
  -mod="C:\Program Files (x86)\Steam\steamapps\workshop\content\107410\784218341"
  -mod="C:\Program Files (x86)\Steam\steamapps\workshop\content\107410\837729515"
  -mod="C:\Program Files (x86)\Steam\steamapps\workshop\content\107410\861133494"
  -mod="C:\Program Files (x86)\Steam\steamapps\workshop\content\107410\893328083"
  -mod="C:\Program Files (x86)\Steam\steamapps\workshop\content\107410\893339590"
  -mod="C:\Program Files (x86)\Steam\steamapps\workshop\content\107410\893349825"
  -mod="C:\Program Files (x86)\Steam\steamapps\workshop\content\107410\949698441"
  -mod="F:\EBH Dev Works\EBH-Aux-Mod\.hemttout/dev"
  -skipIntro
  -noSplash
  -showScriptErrors
  -debug
  -noSplash
  -showScriptErrors
  -skipIntro
  -world=empty
  "F:\EBH Dev Works\EBH-Aux-Mod\.hemtt\missions\EHB_Test.VR\mission.sqm"
  -filePatching
2025-12-18T18:48:13.325436Z TRACE ThreadId(01) writing ci annotations to .hemttout/ci_annotations.txt
2025-12-18T18:48:13.326489Z TRACE ThreadId(01) wrote 26 ci annotations to .hemttout/ci_annotations.txt
